quantidade,quantidade_promocao,Earliest Date,promocao_dummy1,promocao_dummy2,promocao_dummy3,zero_sales,previsao_continente,encomendado,difirenca_vendido_previsao
0,0,2017-01-01 00:00:00,0,0,0,1,0,0,0
12.021999836,0,2017-01-02 00:00:00,0,0,0,0,0,0,0
21.256000042,0,2017-01-03 00:00:00,0,0,0,0,0,0,0
18.2056999803,0,2017-01-04 00:00:00,0,0,0,0,0,0,0
23.8354998827,2.1925001144,2017-01-05 00:00:00,0,0,0,0,0,0,0
21.7860000134,0.7220000029,2017-01-06 00:00:00,0,0,0,0,0,0,0
50.6467000246,0,2017-01-07 00:00:00,0,0,0,0,0,0,0
25.0744999647,0.8619999886,2017-01-08 00:00:00,0,0,0,0,0,0,0
16.6759999394,11.6109999418,2017-01-09 00:00:00,0,1,1,0,0,0,0
11.706700027,7.6766999364,2017-01-10 00:00:00,0,1,1,0,0,0,0
2.5379999876,0.8140000105,2017-01-11 00:00:00,0,1,1,0,0,0,0
1.3460000157,0.7440000176,2017-01-12 00:00:00,0,1,1,0,0,0,0
15.9140000939,11.2540000677,2017-01-13 00:00:00,0,1,1,0,0,0,0
20.4219999909,14.25,2017-01-14 00:00:00,0,1,1,0,0,0,0
3.5299998522,0,2017-01-15 00:00:00,0,0,0,0,0,0,0
0,0,2017-01-16 00:00:00,0,0,0,1,0,0,0
41.2220000625,22.8979998827,2017-01-17 00:00:00,0,1,1,0,0,0,0
35.6259998679,16.3059999347,2017-01-18 00:00:00,0,0,1,0,0,0,0
26.5924999376,15.2124999166,2017-01-19 00:00:00,0,1,1,0,0,0,0
39.4038000703,16.8402000666,2017-01-20 00:00:00,0,0,1,0,0,0,0
71.2796006203,39.1993003488,2017-01-21 00:00:00,0,1,1,0,0,0,0
8.2560001016,5.6440000534,2017-01-22 00:00:00,0,1,1,0,0,0,0
0,0,2017-01-23 00:00:00,0,0,0,1,0,0,0
0,0,2017-01-24 00:00:00,0,0,0,1,0,0,0
0,0,2017-01-25 00:00:00,0,0,0,1,0,0,0
0,0,2017-01-26 00:00:00,0,0,0,1,0,0,0
6.4639999866,3.3680000305,2017-01-27 00:00:00,0,1,1,0,0,0,0
8.8700000048,1.9900000095,2017-01-28 00:00:00,0,0,1,0,0,0,0
1.3580000401,0,2017-01-29 00:00:00,0,0,1,0,0,0,0
6.95600003,0.6639999747,2017-01-30 00:00:00,0,0,0,0,0,0,0
0,0,2017-01-31 00:00:00,0,0,0,1,0,0,0
2.817999959,0,2017-02-01 00:00:00,0,0,1,0,0,0,0
7.8459999561,0,2017-02-02 00:00:00,0,0,0,0,0,0,0
25.1400001645,0,2017-02-03 00:00:00,0,0,0,0,0,0,0
33.5880000591,5.2139999866,2017-02-04 00:00:00,0,0,0,0,0,0,0
22.6580001712,1.2779999971,2017-02-05 00:00:00,0,0,0,0,0,0,0
8.5909000635,2.4880000353,2017-02-06 00:00:00,0,0,1,0,0,0,0
2.3799999952,1.8339999914,2017-02-07 00:00:00,1,1,1,0,0,0,0
0,0,2017-02-08 00:00:00,0,0,0,1,0,0,0
4.331700027,2.1180000305,2017-02-09 00:00:00,0,1,1,0,0,0,0
5.560000062,0,2017-02-10 00:00:00,0,0,0,0,0,0,0
15.1979998946,9.7679999471,2017-02-11 00:00:00,0,1,1,0,0,0,0
20.8979998827,12.9299999475,2017-02-12 00:00:00,0,1,1,0,0,0,0
7.1973999739,7.1973999739,2017-02-13 00:00:00,1,1,1,0,0,0,0
9.6059999466,5.9359999299,2017-02-14 00:00:00,0,1,1,0,0,0,0
6.584800005,3.8727999926,2017-02-15 00:00:00,0,1,1,0,0,0,0
23.5300001502,13.8320001364,2017-02-16 00:00:00,0,1,1,0,0,0,0
15.5084998012,9.1221998334,2017-02-17 00:00:00,0,1,1,0,0,0,0
61.3780001402,37.998000145,2017-02-18 00:00:00,0,1,1,0,0,0,0
28.5562998652,15.9780000448,2017-02-19 00:00:00,0,1,1,0,0,0,0
17.4273001552,1.9599999785,2017-02-20 00:00:00,0,0,0,0,0,0,0
15.2600001097,0,2017-02-21 00:00:00,0,0,0,0,0,0,0
8.8526998758,2.7546999454,2017-02-22 00:00:00,0,0,1,0,0,0,0
11.2400001287,0,2017-02-23 00:00:00,0,0,0,0,0,0,0
9.8196000457,0,2017-02-24 00:00:00,0,0,0,0,0,0,0
11.8759999275,1.3579999804,2017-02-25 00:00:00,0,0,0,0,0,0,0
36.5104997158,4.2740000486,2017-02-26 00:00:00,0,0,0,0,0,0,0
16.2919999957,1.2719999552,2017-02-27 00:00:00,0,0,0,0,0,0,0
16.0565000772,0.6679999828,2017-02-28 00:00:00,0,0,0,0,0,0,0
20.4660000801,2.6720000505,2017-03-01 00:00:00,0,0,0,0,0,0,0
15.0860000253,0,2017-03-02 00:00:00,0,0,0,0,0,0,0
41.7720000148,7.2300001383,2017-03-03 00:00:00,0,0,0,0,0,0,0
31.548199892,2.1039999723,2017-03-04 00:00:00,0,0,0,0,0,0,0
26.317999661,3.7339999676,2017-03-05 00:00:00,0,0,0,0,0,0,0
27.1200000048,22.8659999967,2017-03-06 00:00:00,1,1,1,0,0,0,0
26.7740002275,22.8900001645,2017-03-07 00:00:00,1,1,1,0,0,0,0
31.3383001089,17.9143000245,2017-03-08 00:00:00,0,1,1,0,0,0,0
30.5641998053,23.3719999194,2017-03-09 00:00:00,1,1,1,0,0,0,0
45.9300001264,34.3699999452,2017-03-10 00:00:00,1,1,1,0,0,0,0
17.545999825,18.3701997995,2017-03-11 00:00:00,1,1,1,0,0,0,0
6.9979999661,3.3939999938,2017-03-12 00:00:00,0,1,1,0,0,0,0
0.8280000091,0,2017-03-13 00:00:00,0,1,1,0,0,0,0
0,0,2017-03-14 00:00:00,0,0,0,1,0,0,0
2.8000000715,0,2017-03-15 00:00:00,0,0,1,0,0,0,0
3.1339998841,0,2017-03-16 00:00:00,0,0,0,0,0,0,0
1.9520000219,0,2017-03-17 00:00:00,0,0,1,0,0,0,0
14.1326999664,0,2017-03-18 00:00:00,0,0,0,0,0,0,0
2.7179999352,0,2017-03-19 00:00:00,0,0,1,0,0,0,0
3.8540000916,0,2017-03-20 00:00:00,0,0,0,0,0,0,0
21.8179998994,9.925999999,2017-03-21 00:00:00,0,0,1,0,0,0,0
27.4218998551,17.4318998456,2017-03-22 00:00:00,0,1,1,0,0,0,0
17.7127000093,13.114000082,2017-03-23 00:00:00,1,1,1,0,0,0,0
34.9412001371,26.1851000786,2017-03-24 00:00:00,1,1,1,0,0,0,0
36.4817001224,29.1816999912,2017-03-25 00:00:00,1,1,1,0,0,0,0
17.5500000715,11.0980000496,2017-03-26 00:00:00,0,1,1,0,0,0,0
0,0,2017-03-27 00:00:00,0,0,0,1,0,0,0
8.870000124,3.6075000763,2017-03-28 00:00:00,0,0,1,0,0,0,0
0,0,2017-03-29 00:00:00,0,0,0,1,0,0,0
2.467999965,0,2017-03-30 00:00:00,0,0,1,0,0,0,0
15.8912001848,3.7319999933,2017-03-31 00:00:00,0,0,1,0,0,0,0
13.968000114,1.2779999971,2017-04-01 00:00:00,0,0,0,0,0,0,0
9.8139998317,0,2017-04-02 00:00:00,0,0,0,0,0,0,0
5.4239999056,0,2017-04-03 00:00:00,0,0,0,0,0,0,0
27.9739999771,0.628000021,2017-04-04 00:00:00,0,0,0,0,0,0,0
16.7264999747,0,2017-04-05 00:00:00,0,0,0,0,0,0,0
21.6119998097,1.4119999409,2017-04-06 00:00:00,0,0,0,0,0,0,0
63.9259002209,52.5859002471,2017-04-07 00:00:00,1,1,1,0,0,0,0
45.7580999732,24.5001000166,2017-04-08 00:00:00,0,1,1,0,0,0,0
52.8879001737,29.9079999924,2017-04-09 00:00:00,0,1,1,0,0,0,0
13.5820001364,6.0620000958,2017-04-10 00:00:00,0,0,1,0,0,0,0
30.5333997607,16.0773999095,2017-04-11 00:00:00,0,1,1,0,0,0,0
61.040700078,32.8767001629,2017-04-12 00:00:00,0,1,1,0,0,0,0
74.6129001379,37.2149000168,2017-04-13 00:00:00,0,1,1,0,0,0,0
56.8779995441,25.6899997592,2017-04-14 00:00:00,0,0,1,0,0,0,0
61.0200001001,29.3400000334,2017-04-15 00:00:00,0,0,1,0,0,0,0
14.6139998436,2.7940000296,2017-04-16 00:00:00,0,0,0,0,0,0,0
11.144000113,3.3800000548,2017-04-17 00:00:00,0,0,1,0,0,0,0
18.0688996911,14.0928997397,2017-04-18 00:00:00,1,1,1,0,0,0,0
6.9639999866,2.7100000381,2017-04-19 00:00:00,0,0,1,0,0,0,0
4.9479999542,0.726000011,2017-04-20 00:00:00,0,0,1,0,0,0,0
29.1479999423,18.5900000334,2017-04-21 00:00:00,0,1,1,0,0,0,0
34.1459999084,18.9199998975,2017-04-22 00:00:00,0,1,1,0,0,0,0
36.068600297,7.8560000658,2017-04-23 00:00:00,0,0,0,0,0,0,0
25.2760000229,25.2760000229,2017-04-24 00:00:00,1,1,1,0,0,0,0
28.1796001196,21.3136000633,2017-04-25 00:00:00,1,1,1,0,0,0,0
9.021999836,2.7520000935,2017-04-26 00:00:00,0,0,1,0,0,0,0
2.1040000319,0.6660000086,2017-04-27 00:00:00,0,1,1,0,0,0,0
0,0,2017-04-28 00:00:00,0,0,0,1,0,0,0
0,0,2017-04-29 00:00:00,0,0,0,1,0,0,0
10.5300000906,0,2017-04-30 00:00:00,0,0,0,0,0,0,0
0,0,2017-05-01 00:00:00,0,0,0,1,0,0,0
7.6099999547,0.6719999909,2017-05-02 00:00:00,0,0,0,0,0,0,0
11.3702998757,2.0680000186,2017-05-03 00:00:00,0,0,0,0,0,0,0
17.1583999991,0.7760000229,2017-05-04 00:00:00,0,0,0,0,0,0,0
24.9380000234,5.4140000343,2017-05-05 00:00:00,0,0,0,0,0,0,0
64.9639998674,3.6740000248,2017-05-06 00:00:00,0,0,0,0,0,0,0
23.9954000711,4.2760000229,2017-05-07 00:00:00,0,0,0,0,0,0,0
7.3420000076,4.0559999943,2017-05-08 00:00:00,0,1,1,0,0,0,0
11.4552000165,7.9332000017,2017-05-09 00:00:00,0,1,1,0,0,0,0
2.7279999852,0.5019999743,2017-05-10 00:00:00,0,0,1,0,0,0,0
2.8371000886,2.2411000729,2017-05-11 00:00:00,1,1,1,0,0,0,0
2.7460000515,0.5360000134,2017-05-12 00:00:00,0,0,1,0,0,0,0
6.1460000277,3.3100000024,2017-05-13 00:00:00,0,1,1,0,0,0,0
5.7220000625,2.7200000286,2017-05-14 00:00:00,0,1,1,0,0,0,0
5.9139000177,0,2017-05-15 00:00:00,0,0,0,0,0,0,0
17.7280000448,11.4040001035,2017-05-16 00:00:00,0,1,1,0,0,0,0
13.2719998956,6.2279999256,2017-05-17 00:00:00,0,1,1,0,0,0,0
25.9900001884,16.2720000744,2017-05-18 00:00:00,0,1,1,0,0,0,0
18.4215999246,5.4255998731,2017-05-19 00:00:00,0,0,1,0,0,0,0
8,6.1399999857,2017-05-20 00:00:00,1,1,1,0,0,0,0
0,0,2017-05-21 00:00:00,0,0,0,1,0,0,0
0,0,2017-05-22 00:00:00,0,0,0,1,0,0,0
12.2640001178,1.256000042,2017-05-23 00:00:00,0,0,0,0,0,0,0
9.8319999576,0,2017-05-24 00:00:00,0,0,0,0,0,0,0
33.0119999945,1.6120000184,2017-05-25 00:00:00,0,0,0,0,0,0,0
21.497199893,0,2017-05-26 00:00:00,0,0,0,0,0,0,0
43.7419999838,4.9680000544,2017-05-27 00:00:00,0,0,0,0,0,0,0
30.1780002117,7.1639999151,2017-05-28 00:00:00,0,0,1,0,0,0,0
8.5960000157,0,2017-05-29 00:00:00,0,0,0,0,0,0,0
9.1019999981,0,2017-05-30 00:00:00,0,0,0,0,0,0,0
3.8506001234,0,2017-05-31 00:00:00,0,0,0,0,0,0,0
4.0036000609,0.7919999957,2017-06-01 00:00:00,0,0,1,0,0,0,0
3.0499999523,0,2017-06-02 00:00:00,0,0,0,0,0,0,0
4.7652000189,1.0440000296,2017-06-03 00:00:00,0,0,1,0,0,0,0
22.489100039,0,2017-06-04 00:00:00,0,0,0,0,0,0,0
23.7000000477,16.9300000668,2017-06-05 00:00:00,0,1,1,0,0,0,0
9.7199000716,6.9099000096,2017-06-06 00:00:00,0,1,1,0,0,0,0
6.4520000219,3.4800000191,2017-06-07 00:00:00,0,1,1,0,0,0,0
11.1160000861,9.2440000474,2017-06-08 00:00:00,1,1,1,0,0,0,0
7.8280999064,6.3240999579,2017-06-09 00:00:00,1,1,1,0,0,0,0
12.5719997287,8.2799998522,2017-06-10 00:00:00,0,1,1,0,0,0,0
22.7795999646,14.6759997606,2017-06-11 00:00:00,0,1,1,0,0,0,0
13.5815999508,3.9775999784,2017-06-12 00:00:00,0,0,1,0,0,0,0
7.7960000038,0,2017-06-13 00:00:00,0,0,0,0,0,0,0
6.9082000852,2.6642000675,2017-06-14 00:00:00,0,0,1,0,0,0,0
0,0,2017-06-15 00:00:00,0,0,0,1,0,0,0
0,0,2017-06-16 00:00:00,0,0,0,1,0,0,0
7.3099999428,0.8280000091,2017-06-17 00:00:00,0,0,0,0,0,0,0
0.925999999,0,2017-06-18 00:00:00,0,1,1,0,0,0,0
2.9920000434,0,2017-06-19 00:00:00,0,0,1,0,0,0,0
1.2619999647,1.2619999647,2017-06-20 00:00:00,1,1,1,0,0,0,0
0,0,2017-06-21 00:00:00,0,0,0,1,0,0,0
0,0,2017-06-22 00:00:00,0,0,0,1,0,0,0
0,0,2017-06-23 00:00:00,0,0,0,1,0,0,0
0,0,2017-06-24 00:00:00,0,0,0,1,0,0,0
0,0,2017-06-25 00:00:00,0,0,0,1,0,0,0
1.4500000477,0,2017-06-26 00:00:00,0,0,1,0,0,0,0
5.3759999275,0,2017-06-27 00:00:00,0,0,0,0,0,0,0
2.1159999371,0,2017-06-28 00:00:00,0,0,1,0,0,0,0
4.4739999771,1.3980000019,2017-06-29 00:00:00,0,0,1,0,0,0,0
38.9894001484,9.8413997889,2017-06-30 00:00:00,0,0,1,0,0,0,0
58.9640006721,10.7560001016,2017-07-01 00:00:00,0,0,0,0,0,0,0
7.7860001922,1.3600000143,2017-07-02 00:00:00,0,0,1,0,0,0,0
22.4219999313,9.569999814,2017-07-03 00:00:00,0,0,1,0,0,0,0
10.7033999562,7.5079999566,2017-07-04 00:00:00,0,1,1,0,0,0,0
4.5069000125,3.844900012,2017-07-05 00:00:00,1,1,1,0,0,0,0
24.9010001421,12.8190000057,2017-07-06 00:00:00,0,1,1,0,0,0,0
55.3870003819,33.8240002394,2017-07-07 00:00:00,0,1,1,0,0,0,0
12.5879998207,6.7999998927,2017-07-08 00:00:00,0,1,1,0,0,0,0
25.9580000639,18.8740000725,2017-07-09 00:00:00,0,1,1,0,0,0,0
0,0,2017-07-10 00:00:00,0,0,0,1,0,0,0
0,0,2017-07-11 00:00:00,0,0,0,1,0,0,0
0,0,2017-07-12 00:00:00,0,0,0,1,0,0,0
0,0,2017-07-13 00:00:00,0,0,0,1,0,0,0
6.5980000496,0,2017-07-14 00:00:00,0,0,0,0,0,0,0
14.0780000687,6.0720000267,2017-07-15 00:00:00,0,0,1,0,0,0,0
9.9582000375,1.2302000523,2017-07-16 00:00:00,0,0,0,0,0,0,0
0,0,2017-07-17 00:00:00,0,0,0,1,0,0,0
0,0,2017-07-18 00:00:00,0,0,0,1,0,0,0
1.6579999924,0,2017-07-19 00:00:00,0,0,1,0,0,0,0
0.5699999928,0.5699999928,2017-07-20 00:00:00,1,1,1,0,0,0,0
0,0,2017-07-21 00:00:00,0,0,0,1,0,0,0
0.5139999986,0.5139999986,2017-07-22 00:00:00,1,1,1,0,0,0,0
0,0,2017-07-23 00:00:00,0,0,0,1,0,0,0
0,0,2017-07-24 00:00:00,0,0,0,1,0,0,0
16.0739998817,4.0899999738,2017-07-25 00:00:00,0,0,1,0,0,0,0
14.2800000906,0.3420000076,2017-07-26 00:00:00,0,0,0,0,0,0,0
16.7719998956,4.1919998527,2017-07-27 00:00:00,0,0,1,0,0,0,0
34.4049001932,3.3620000482,2017-07-28 00:00:00,0,0,0,0,0,0,0
43.1209998727,0.6800000072,2017-07-29 00:00:00,0,0,0,0,0,0,0
51.1319999099,3.4000000954,2017-07-30 00:00:00,0,0,0,0,0,0,0
11.871999979,6.5820000172,2017-07-31 00:00:00,0,1,1,0,0,0,0
34.3709000349,19.2546001673,2017-08-01 00:00:00,0,1,1,0,0,0,0
8.4800000787,2.5379999876,2017-08-02 00:00:00,0,0,1,0,0,0,0
11.440000236,4.7380001545,2017-08-03 00:00:00,0,0,1,0,0,0,0
42.9447005391,26.1530003548,2017-08-04 00:00:00,0,1,1,0,0,0,0
39.2082003355,28.1982002854,2017-08-05 00:00:00,0,1,1,0,0,0,0
13.5500001311,5.1760000587,2017-08-06 00:00:00,0,0,1,0,0,0,0
11.3645000458,2.4364999533,2017-08-07 00:00:00,0,0,1,0,0,0,0
8.3479998708,1.9799999595,2017-08-08 00:00:00,0,0,1,0,0,0,0
6.9319999218,5.5639999509,2017-08-09 00:00:00,1,1,1,0,0,0,0
7.6198000908,7.6198000908,2017-08-10 00:00:00,1,1,1,0,0,0,0
3.1559998989,2.4419999123,2017-08-11 00:00:00,1,1,1,0,0,0,0
2.7920000553,4.188000083,2017-08-12 00:00:00,1,1,1,0,0,0,0
1.5460000038,0.7879999876,2017-08-13 00:00:00,0,1,1,0,0,0,0
12.1340001822,0.6079999804,2017-08-14 00:00:00,0,0,0,0,0,0,0
31.4960001707,5.3920000792,2017-08-15 00:00:00,0,0,0,0,0,0,0
32.2500002384,4.7040002346,2017-08-16 00:00:00,0,0,0,0,0,0,0
44.9370998144,2.7620000243,2017-08-17 00:00:00,0,0,0,0,0,0,0
19.650000155,4.6899999976,2017-08-18 00:00:00,0,0,1,0,0,0,0
29.391099751,4.8176999092,2017-08-19 00:00:00,0,0,0,0,0,0,0
15.0500001907,2.0420000553,2017-08-20 00:00:00,0,0,0,0,0,0,0
9.2899998426,0,2017-08-21 00:00:00,0,0,0,0,0,0,0
8.9979999661,0,2017-08-22 00:00:00,0,0,0,0,0,0,0
13.3759998083,0.9359999895,2017-08-23 00:00:00,0,0,0,0,0,0,0
11.8512000442,0,2017-08-24 00:00:00,0,0,0,0,0,0,0
3.7580000162,0,2017-08-25 00:00:00,0,0,0,0,0,0,0
0,0,2017-08-26 00:00:00,0,0,0,1,0,0,0
7.7940001488,1.4680000544,2017-08-27 00:00:00,0,0,1,0,0,0,0
0,0,2017-08-28 00:00:00,0,0,0,1,0,0,0
26.3440000117,15.3719999194,2017-08-29 00:00:00,0,1,1,0,0,0,0
0,0,2017-08-30 00:00:00,0,0,0,1,0,0,0
5.5200001001,2.0280000567,2017-08-31 00:00:00,0,0,1,0,0,0,0
30.1857999563,21.137799859,2017-09-01 00:00:00,0,1,1,0,0,0,0
25.8759999275,18.7300000191,2017-09-02 00:00:00,0,1,1,0,0,0,0
18.0359998941,14.2080000043,2017-09-03 00:00:00,1,1,1,0,0,0,0
0,0.9120000005,2017-09-04 00:00:00,0,0,0,1,0,0,0
0,0,2017-09-05 00:00:00,0,0,0,1,0,0,0
0.6380000114,0,2017-09-06 00:00:00,0,1,1,0,0,0,0
0,0,2017-09-07 00:00:00,0,0,0,1,0,0,0
0,0,2017-09-08 00:00:00,0,0,0,1,0,0,0
1.2979999781,0.6039999723,2017-09-09 00:00:00,0,1,1,0,0,0,0
1.1519999504,0,2017-09-10 00:00:00,0,0,1,0,0,0,0
3.1999999881,0,2017-09-11 00:00:00,0,0,0,0,0,0,0
0,0,2017-09-12 00:00:00,0,0,0,1,0,0,0
0,0,2017-09-13 00:00:00,0,0,0,1,0,0,0
0,0,2017-09-14 00:00:00,0,0,0,1,0,0,0
0,0,2017-09-15 00:00:00,0,0,0,1,0,0,0
0,0,2017-09-16 00:00:00,0,0,0,1,0,0,0
1.5620000362,1.5620000362,2017-09-17 00:00:00,1,1,1,0,0,0,0
0,0,2017-09-18 00:00:00,0,0,0,1,0,0,0
0,0,2017-09-19 00:00:00,0,0,0,1,0,0,0
0.5879999995,0,2017-09-20 00:00:00,0,1,1,0,0,0,0
0,0,2017-09-21 00:00:00,0,0,0,1,0,0,0
0,0,2017-09-22 00:00:00,0,0,0,1,0,0,0
0,0,2017-09-23 00:00:00,0,0,0,1,0,0,0
0,0,2017-09-24 00:00:00,0,0,0,1,0,0,0
1.0219999552,0,2017-09-25 00:00:00,0,0,1,0,0,0,0
0,0,2017-09-26 00:00:00,0,0,0,1,0,0,0
0,0,2017-09-27 00:00:00,0,0,0,1,0,0,0
8.5859997869,0,2017-09-28 00:00:00,0,0,0,0,0,0,0
24.3481000066,0.6639999747,2017-09-29 00:00:00,0,0,0,0,0,0,0
11.0460001528,0,2017-09-30 00:00:00,0,0,0,0,0,0,0
13.5379999876,0,2017-10-01 00:00:00,0,0,0,0,0,0,0
6.408000052,4.486000061,2017-10-02 00:00:00,0,1,1,0,0,0,0
12.2379999757,7.2420000434,2017-10-03 00:00:00,0,1,1,0,0,0,0
19.9227998853,7.3499999642,2017-10-04 00:00:00,0,0,1,0,0,0,0
79.7023000121,53.4783001542,2017-10-05 00:00:00,0,1,1,0,0,0,0
45.1860000491,23.2000001073,2017-10-06 00:00:00,0,1,1,0,0,0,0
32.7199994922,20.2839996219,2017-10-07 00:00:00,0,1,1,0,0,0,0
44.0579999089,23.0040000081,2017-10-08 00:00:00,0,1,1,0,0,0,0
21.5539999008,7.7919999361,2017-10-09 00:00:00,0,0,1,0,0,0,0
23.6150001287,16.1259999871,2017-10-10 00:00:00,0,1,1,0,0,0,0
14.9324998856,7.3784998655,2017-10-11 00:00:00,0,1,1,0,0,0,0
23.1398998499,13.2978999615,2017-10-12 00:00:00,0,1,1,0,0,0,0
38.4380003214,15.1800000668,2017-10-13 00:00:00,0,0,1,0,0,0,0
27.6180001497,11.213999927,2017-10-14 00:00:00,0,0,1,0,0,0,0
30.4073997736,12.3980000615,2017-10-15 00:00:00,0,0,1,0,0,0,0
16.8879997134,0,2017-10-16 00:00:00,0,0,0,0,0,0,0
20.9499998689,2.8999999762,2017-10-17 00:00:00,0,0,0,0,0,0,0
10.2817000151,1.2419999838,2017-10-18 00:00:00,0,0,0,0,0,0,0
7.3660000563,1.1360000372,2017-10-19 00:00:00,0,0,1,0,0,0,0
9.6379998326,0,2017-10-20 00:00:00,0,0,0,0,0,0,0
35.7019999623,5.3200000525,2017-10-21 00:00:00,0,0,0,0,0,0,0
20.3888001442,5.9300000668,2017-10-22 00:00:00,0,0,1,0,0,0,0
6.6800000072,0,2017-10-23 00:00:00,0,0,0,0,0,0,0
43.7599998116,3.7740000486,2017-10-24 00:00:00,0,0,0,0,0,0,0
16.5599998832,0,2017-10-25 00:00:00,0,0,0,0,0,0,0
17.492000103,0,2017-10-26 00:00:00,0,0,0,0,0,0,0
28.9436999559,19.4580000043,2017-10-27 00:00:00,0,1,1,0,0,0,0
49.9340000749,21.7840002179,2017-10-28 00:00:00,0,0,1,0,0,0,0
15.9071998596,13.7871998549,2017-10-29 00:00:00,1,1,1,0,0,0,0
16.6169000864,6.5300000906,2017-10-30 00:00:00,0,0,1,0,0,0,0
26.5199997425,13.6999997497,2017-10-31 00:00:00,0,1,1,0,0,0,0
50.3819997907,28.6139998436,2017-11-01 00:00:00,0,1,1,0,0,0,0
31.7260001302,15.0019999146,2017-11-02 00:00:00,0,0,1,0,0,0,0
33.2319998145,17.9099997878,2017-11-03 00:00:00,0,1,1,0,0,0,0
24.8540001512,2.6419999599,2017-11-04 00:00:00,0,0,0,0,0,0,0
29.9059999585,1.3400000334,2017-11-05 00:00:00,0,0,0,0,0,0,0
23.2549999952,9.3849998713,2017-11-06 00:00:00,0,0,1,0,0,0,0
16.0376999974,14.0217000246,2017-11-07 00:00:00,1,1,1,0,0,0,0
15.2000001073,7.4359999895,2017-11-08 00:00:00,0,1,1,0,0,0,0
5.165199995,3.9132000208,2017-11-09 00:00:00,1,1,1,0,0,0,0
38.6093999743,28.8832999468,2017-11-10 00:00:00,1,1,1,0,0,0,0
49.8139998317,37.9079999328,2017-11-11 00:00:00,1,1,1,0,0,0,0
44.9199999571,26.4840000868,2017-11-12 00:00:00,0,1,1,0,0,0,0
18.7952995896,7.143299818,2017-11-13 00:00:00,0,0,1,0,0,0,0
24.712100029,6.6721000075,2017-11-14 00:00:00,0,0,1,0,0,0,0
27.2243000865,4.5282000303,2017-11-15 00:00:00,0,0,0,0,0,0,0
16.2338001132,0.7239999771,2017-11-16 00:00:00,0,0,0,0,0,0,0
18.3219999671,0,2017-11-17 00:00:00,0,0,0,0,0,0,0
47.9260001779,1.6599999666,2017-11-18 00:00:00,0,0,0,0,0,0,0
41.388000071,6.8599999547,2017-11-19 00:00:00,0,0,0,0,0,0,0
11.665999949,1.4900000095,2017-11-20 00:00:00,0,0,0,0,0,0,0
25.8083995879,0.7340000272,2017-11-21 00:00:00,0,0,0,0,0,0,0
30.6231001616,5.0959999561,2017-11-22 00:00:00,0,0,0,0,0,0,0
12.0766000152,0,2017-11-23 00:00:00,0,0,0,0,0,0,0
21.34799999,2.8400000334,2017-11-24 00:00:00,0,0,0,0,0,0,0
52.3087998033,3.4800000191,2017-11-25 00:00:00,0,0,0,0,0,0,0
27.7400003076,4.425999999,2017-11-26 00:00:00,0,0,0,0,0,0,0
17.0615997314,4.3399999142,2017-11-27 00:00:00,0,0,1,0,0,0,0
22.7894001007,20.7514001131,2017-11-28 00:00:00,1,1,1,0,0,0,0
23.6066000462,11.3399999738,2017-11-29 00:00:00,0,1,1,0,0,0,0
33.1579999924,21.0680000186,2017-11-30 00:00:00,0,1,1,0,0,0,0
54.8500000238,41.5059999824,2017-12-01 00:00:00,1,1,1,0,0,0,0
59.8599998951,39.357999742,2017-12-02 00:00:00,0,1,1,0,0,0,0
12.1379998326,6.9999998808,2017-12-03 00:00:00,0,1,1,0,0,0,0
3.3120000362,0,2017-12-04 00:00:00,0,0,0,0,0,0,0
25.2460001111,2.7879999876,2017-12-05 00:00:00,0,0,0,0,0,0,0
0,0,2017-12-06 00:00:00,0,0,0,1,0,0,0
14.9060001969,0,2017-12-07 00:00:00,0,0,0,0,0,0,0
19.5119999051,0,2017-12-08 00:00:00,0,0,0,0,0,0,0
40.4480000734,3.2319999933,2017-12-09 00:00:00,0,0,0,0,0,0,0
89.8210000992,4.2640000582,2017-12-10 00:00:00,0,0,0,0,0,0,0
0,0,2017-12-11 00:00:00,0,0,0,1,0,0,0
11.675999999,8.7960000634,2017-12-12 00:00:00,1,1,1,0,0,0,0
9.0240000486,7.6380000114,2017-12-13 00:00:00,1,1,1,0,0,0,0
21.0399998426,9.8579999208,2017-12-14 00:00:00,0,0,1,0,0,0,0
30.7699998617,25.0459998846,2017-12-15 00:00:00,1,1,1,0,0,0,0
26.00600034,12.7040002346,2017-12-16 00:00:00,0,1,1,0,0,0,0
30.7959999442,19.2679998875,2017-12-17 00:00:00,0,1,1,0,0,0,0
5.3119999766,0,2017-12-18 00:00:00,0,0,0,0,0,0,0
23.3120002151,2.7400000095,2017-12-19 00:00:00,0,0,0,0,0,0,0
31.8860000372,1.4539999962,2017-12-20 00:00:00,0,0,0,0,0,0,0
47.7540001273,9.2539999485,2017-12-21 00:00:00,0,0,0,0,0,0,0
3.8600000143,0,2017-12-22 00:00:00,0,0,0,0,0,0,0
2.4600000381,0,2017-12-23 00:00:00,0,0,1,0,0,0,0
0,0,2017-12-24 00:00:00,0,0,0,1,0,0,0
0,0,2017-12-25 00:00:00,0,0,0,1,0,0,0
16.5719999075,0,2017-12-26 00:00:00,0,0,0,0,0,0,0
25.7810000777,6.1430001259,2017-12-27 00:00:00,0,0,1,0,0,0,0
10.0019999743,0,2017-12-28 00:00:00,0,0,0,0,0,0,0
5.3180000186,0,2017-12-29 00:00:00,0,0,0,0,0,0,0
10.7499998212,0,2017-12-30 00:00:00,0,0,0,0,0,0,0
6.0680000782,0,2017-12-31 00:00:00,0,0,0,0,0,0,0
0,0,2018-01-01 00:00:00,0,0,0,1,0,0,0
21.3139999509,2.2139999866,2018-01-02 00:00:00,0,0,0,0,0,0,0
45.960000217,0,2018-01-03 00:00:00,0,0,0,0,0,0,0
22.8841999769,2.743999958,2018-01-04 00:00:00,0,0,0,0,0,0,0
62.0879997611,0,2018-01-05 00:00:00,0,0,0,0,0,0,0
0,0,2018-01-06 00:00:00,0,0,0,1,0,0,0
0,0,2018-01-07 00:00:00,0,0,0,1,0,0,0
0,0,2018-01-08 00:00:00,0,0,0,1,0,0,0
38.2580000162,17.8420000076,2018-01-09 00:00:00,0,0,1,0,0,0,0
51.3280002475,34.090000093,2018-01-10 00:00:00,0,1,1,0,0,0,0
19.6540001631,11.5720000267,2018-01-11 00:00:00,0,1,1,0,0,0,0
41.7780001163,24.9680000544,2018-01-12 00:00:00,0,1,1,0,0,0,0
41.1320002675,21.7819999456,2018-01-13 00:00:00,0,1,1,0,0,0,0
0,0,2018-01-14 00:00:00,0,0,0,1,0,0,0
0,1.2920000553,2018-01-15 00:00:00,0,0,0,1,0,0,0
12.0279999971,2.0640000105,2018-01-16 00:00:00,0,0,0,0,0,0,0
24.1840002537,9.8639999628,2018-01-17 00:00:00,0,0,1,0,0,0,0
9.0940000415,3.8960000277,2018-01-18 00:00:00,0,0,1,0,0,0,0
16.9739999175,11.673999846,2018-01-19 00:00:00,0,1,1,0,0,0,0
41.4219996929,23.9599997401,2018-01-20 00:00:00,0,1,1,0,0,0,0
25.7079998851,7.9079999924,2018-01-21 00:00:00,0,0,1,0,0,0,0
20.2600002885,3.3240000606,2018-01-22 00:00:00,0,0,0,0,0,0,0
6.8900001049,0,2018-01-23 00:00:00,0,0,0,0,0,0,0
5.1800000072,2.341999948,2018-01-24 00:00:00,0,1,1,0,0,0,0
20.7339999676,0,2018-01-25 00:00:00,0,0,0,0,0,0,0
17.3539998531,2.0079999566,2018-01-26 00:00:00,0,0,0,0,0,0,0
4.6880000234,0,2018-01-27 00:00:00,0,0,0,0,0,0,0
0,0,2018-01-28 00:00:00,0,0,0,1,0,0,0
1.8219999671,0,2018-01-29 00:00:00,0,0,1,0,0,0,0
2.5880000591,0,2018-01-30 00:00:00,0,0,1,0,0,0,0
0,0,2018-01-31 00:00:00,0,0,0,1,0,0,0
8.7840000391,0,2018-02-01 00:00:00,0,0,0,0,0,0,0
9.2439998984,2.7179999352,2018-02-02 00:00:00,0,0,1,0,0,0,0
18.9619999528,0.6779999733,2018-02-03 00:00:00,0,0,0,0,0,0,0
14.4280000925,0,2018-02-04 00:00:00,0,0,0,0,0,0,0
1.3579999804,0.6779999733,2018-02-05 00:00:00,0,1,1,0,0,0,0
5.8180000782,5.8180000782,2018-02-06 00:00:00,1,1,1,0,0,0,0
2.0119999647,1.3919999599,2018-02-07 00:00:00,1,1,1,0,0,0,0
9.4960001111,3.4580000639,2018-02-08 00:00:00,0,0,1,0,0,0,0
19.9900000691,16.644000113,2018-02-09 00:00:00,1,1,1,0,0,0,0
23.0859999657,16.2519999743,2018-02-10 00:00:00,0,1,1,0,0,0,0
10.9160000086,3.878000021,2018-02-11 00:00:00,0,0,1,0,0,0,0
0,0,2018-02-12 00:00:00,0,0,0,1,0,0,0
38.3879998326,13.2339998484,2018-02-13 00:00:00,0,0,1,0,0,0,0
16.5199999511,5.7619999647,2018-02-14 00:00:00,0,0,1,0,0,0,0
14.2540000081,5.5019999146,2018-02-15 00:00:00,0,0,1,0,0,0,0
36.8720002174,13.6019999385,2018-02-16 00:00:00,0,0,1,0,0,0,0
40.4440000057,25.3900002241,2018-02-17 00:00:00,0,1,1,0,0,0,0
26.7339998484,18.6699998975,2018-02-18 00:00:00,0,1,1,0,0,0,0
2.5040000677,0,2018-02-19 00:00:00,0,0,1,0,0,0,0
11.6800000668,2.7100000381,2018-02-20 00:00:00,0,0,1,0,0,0,0
11.0760000944,4.3020001054,2018-02-21 00:00:00,0,0,1,0,0,0,0
2.8500000238,0,2018-02-22 00:00:00,0,0,1,0,0,0,0
19.6160000563,0,2018-02-23 00:00:00,0,0,0,0,0,0,0
18.9519998431,3.013999939,2018-02-24 00:00:00,0,0,0,0,0,0,0
24.5060001612,0.6000000238,2018-02-25 00:00:00,0,0,0,0,0,0,0
2.2699999809,0.7480000257,2018-02-26 00:00:00,0,1,1,0,0,0,0
8.915999949,0,2018-02-27 00:00:00,0,0,0,0,0,0,0
10.7899999619,6.0699999332,2018-02-28 00:00:00,0,1,1,0,0,0,0
20.1420001388,0.7879999876,2018-03-01 00:00:00,0,0,0,0,0,0,0
16.1340000033,3.3379999995,2018-03-02 00:00:00,0,0,1,0,0,0,0
26.9419998527,6.9139999747,2018-03-03 00:00:00,0,0,1,0,0,0,0
20.1479998827,2.067999959,2018-03-04 00:00:00,0,0,0,0,0,0,0
12.6719999909,7.6239998937,2018-03-05 00:00:00,0,1,1,0,0,0,0
25.7619997859,18.3159998059,2018-03-06 00:00:00,0,1,1,0,0,0,0
21.3700000644,12.0040000677,2018-03-07 00:00:00,0,1,1,0,0,0,0
12.3699998856,5.5379999876,2018-03-08 00:00:00,0,0,1,0,0,0,0
24.5879997015,15.5579997897,2018-03-09 00:00:00,0,1,1,0,0,0,0
35.6839999557,28.9280000329,2018-03-10 00:00:00,1,1,1,0,0,0,0
26.3679999709,15.7380000949,2018-03-11 00:00:00,0,1,1,0,0,0,0
8.1493000984,3.3253000379,2018-03-12 00:00:00,0,0,1,0,0,0,0
26.9060000777,1.4220000505,2018-03-13 00:00:00,0,0,0,0,0,0,0
12.5399999619,4.0040000081,2018-03-14 00:00:00,0,0,1,0,0,0,0
19.9619998932,6.5220000148,2018-03-15 00:00:00,0,0,1,0,0,0,0
11.7050001025,3.5219999552,2018-03-16 00:00:00,0,0,1,0,0,0,0
49.0190000031,10.5970000029,2018-03-17 00:00:00,0,0,0,0,0,0,0
18.6899998784,2.0219999552,2018-03-18 00:00:00,0,0,0,0,0,0,0
14.8939999342,7.5219998956,2018-03-19 00:00:00,0,1,1,0,0,0,0
25.4060002565,19.1620002985,2018-03-20 00:00:00,1,1,1,0,0,0,0
15.7140001059,11.1400002241,2018-03-21 00:00:00,0,1,1,0,0,0,0
12.7299997807,8.2299998403,2018-03-22 00:00:00,0,1,1,0,0,0,0
30.0286000967,18.7806000113,2018-03-23 00:00:00,0,1,1,0,0,0,0
49.340000391,34.6480002999,2018-03-24 00:00:00,0,1,1,0,0,0,0
27.5059997439,20.227999866,2018-03-25 00:00:00,0,1,1,0,0,0,0
6.9019998908,0.6399999857,2018-03-26 00:00:00,0,0,0,0,0,0,0
20.5639998317,2.0339999199,2018-03-27 00:00:00,0,0,0,0,0,0,0
17.4879999757,2.0299999714,2018-03-28 00:00:00,0,0,0,0,0,0,0
53.6660001278,8.3619999886,2018-03-29 00:00:00,0,0,0,0,0,0,0
34.9899999499,0.6740000248,2018-03-30 00:00:00,0,0,0,0,0,0,0
30.4280000329,5.2039999962,2018-03-31 00:00:00,0,0,0,0,0,0,0
1.4139999747,0,2018-04-01 00:00:00,0,0,1,0,0,0,0
8.2100000381,0.6840000153,2018-04-02 00:00:00,0,0,0,0,0,0,0
11.0440002084,0,2018-04-03 00:00:00,0,0,0,0,0,0,0
18.1699997187,2.3079999685,2018-04-04 00:00:00,0,0,0,0,0,0,0
25.5380000472,1.3199999928,2018-04-05 00:00:00,0,0,0,0,0,0,0
40.0940000415,3.2579999566,2018-04-06 00:00:00,0,0,0,0,0,0,0
17.6589998603,1.2150000334,2018-04-07 00:00:00,0,0,0,0,0,0,0
33.7518999577,3.2020000219,2018-04-08 00:00:00,0,0,0,0,0,0,0
26.8050001264,22.0620001554,2018-04-09 00:00:00,1,1,1,0,0,0,0
21.5379999876,11.40200001,2018-04-10 00:00:00,0,1,1,0,0,0,0
33.8020002246,17.5880003572,2018-04-11 00:00:00,0,1,1,0,0,0,0
9.4799998403,7.3419998884,2018-04-12 00:00:00,1,1,1,0,0,0,0
26.7918001115,17.1297999918,2018-04-13 00:00:00,0,1,1,0,0,0,0
32.1260003448,22.8580001593,2018-04-14 00:00:00,0,1,1,0,0,0,0
27.1739997864,19.0959997773,2018-04-15 00:00:00,0,1,1,0,0,0,0
8.507999897,5.7859999537,2018-04-16 00:00:00,0,1,1,0,0,0,0
9.9839999676,5.3079999685,2018-04-17 00:00:00,0,1,1,0,0,0,0
13.5099999309,6.6519998908,2018-04-18 00:00:00,0,1,1,0,0,0,0
15.3069999814,10.0229999423,2018-04-19 00:00:00,0,1,1,0,0,0,0
24.1660000086,9.9599999189,2018-04-20 00:00:00,0,0,1,0,0,0,0
36.0320000052,14.7460000515,2018-04-21 00:00:00,0,0,1,0,0,0,0
16.8000001907,12.7160002589,2018-04-22 00:00:00,1,1,1,0,0,0,0
14.0339998007,0,2018-04-23 00:00:00,0,0,0,0,0,0,0
37.0099999309,2.8600000739,2018-04-24 00:00:00,0,0,0,0,0,0,0
11.6199999452,2.7280000448,2018-04-25 00:00:00,0,0,1,0,0,0,0
2.0199999809,0,2018-04-26 00:00:00,0,0,1,0,0,0,0
3.3539999723,0,2018-04-27 00:00:00,0,0,0,0,0,0,0
8.8819998503,0,2018-04-28 00:00:00,0,0,0,0,0,0,0
22.6779999733,0,2018-04-29 00:00:00,0,0,0,0,0,0,0
16.801999867,1.3999999762,2018-04-30 00:00:00,0,0,0,0,0,0,0
19.6000001431,0.7220000029,2018-05-01 00:00:00,0,0,0,0,0,0,0
5.1879999638,0,2018-05-02 00:00:00,0,0,0,0,0,0,0
13.1219998002,1.2139999866,2018-05-03 00:00:00,0,0,0,0,0,0,0
6.2799999714,0,2018-05-04 00:00:00,0,0,0,0,0,0,0
16.1909999251,0.6660000086,2018-05-05 00:00:00,0,0,0,0,0,0,0
8.6060000658,0,2018-05-06 00:00:00,0,0,0,0,0,0,0
22.3500001431,11.8960000873,2018-05-07 00:00:00,0,1,1,0,0,0,0
7.05400002,2.1560000181,2018-05-08 00:00:00,0,0,1,0,0,0,0
6.2339999676,5.5199999809,2018-05-09 00:00:00,1,1,1,0,0,0,0
23.9440003037,12.8960002065,2018-05-10 00:00:00,0,1,1,0,0,0,0
21.2559998631,14.4499999285,2018-05-11 00:00:00,0,1,1,0,0,0,0
19.243999958,10.9740000367,2018-05-12 00:00:00,0,1,1,0,0,0,0
18.5220000744,10.0620000362,2018-05-13 00:00:00,0,1,1,0,0,0,0
1.40200001,0,2018-05-14 00:00:00,0,0,1,0,0,0,0
26.1119998693,11.2700000405,2018-05-15 00:00:00,0,0,1,0,0,0,0
24.8619998693,8.2619999647,2018-05-16 00:00:00,0,0,1,0,0,0,0
9.0520001054,6.7620000839,2018-05-17 00:00:00,1,1,1,0,0,0,0
40.1360003948,21.7460002899,2018-05-18 00:00:00,0,1,1,0,0,0,0
52.5340003967,20.2580000758,2018-05-19 00:00:00,0,0,1,0,0,0,0
42.4800000787,18.5780001283,2018-05-20 00:00:00,0,0,1,0,0,0,0
0,0,2018-05-21 00:00:00,0,0,0,1,0,0,0
31.6920000315,0.7160000205,2018-05-22 00:00:00,0,0,0,0,0,0,0
27.5959996581,4.6019998789,2018-05-23 00:00:00,0,0,0,0,0,0,0
25.2479999661,0,2018-05-24 00:00:00,0,0,0,0,0,0,0
28.9299997687,4.6359999776,2018-05-25 00:00:00,0,0,0,0,0,0,0
67.9857996106,2.2339999676,2018-05-26 00:00:00,0,0,0,0,0,0,0
31.4119999409,0,2018-05-27 00:00:00,0,0,0,0,0,0,0
5.8620000482,1.7419999838,2018-05-28 00:00:00,0,0,1,0,0,0,0
18.106000185,0,2018-05-29 00:00:00,0,0,0,0,0,0,0
13.2779999971,0,2018-05-30 00:00:00,0,0,0,0,0,0,0
63.6700003147,3.5379999876,2018-05-31 00:00:00,0,0,0,0,0,0,0
24.0819999576,0.9359999895,2018-06-01 00:00:00,0,0,0,0,0,0,0
50.3999999166,3.1179999709,2018-06-02 00:00:00,0,0,0,0,0,0,0
25.3020002246,1.30400002,2018-06-03 00:00:00,0,0,0,0,0,0,0
10.2639998794,8.0139998794,2018-06-04 00:00:00,1,1,1,0,0,0,0
11.9600000381,7.5560000539,2018-06-05 00:00:00,0,1,1,0,0,0,0
24.9820001721,13.9120000005,2018-06-06 00:00:00,0,1,1,0,0,0,0
11.4499999881,6.7400000691,2018-06-07 00:00:00,0,1,1,0,0,0,0
36.6660001874,28.8820000887,2018-06-08 00:00:00,1,1,1,0,0,0,0
47.7520000935,31.1340000629,2018-06-09 00:00:00,0,1,1,0,0,0,0
36.5199999213,27.2839999199,2018-06-10 00:00:00,1,1,1,0,0,0,0
0,0,2018-06-11 00:00:00,0,0,0,1,0,0,0
7.5940000415,0.7580000162,2018-06-12 00:00:00,0,0,0,0,0,0,0
8.9999999404,0,2018-06-13 00:00:00,0,0,0,0,0,0,0
6.2820000648,0,2018-06-14 00:00:00,0,0,0,0,0,0,0
17.0859997869,1.2779999971,2018-06-15 00:00:00,0,0,0,0,0,0,0
16.6719998717,1.3400000334,2018-06-16 00:00:00,0,0,0,0,0,0,0
31.4059998393,0,2018-06-17 00:00:00,0,0,0,0,0,0,0
19.7159999609,11.2679999471,2018-06-18 00:00:00,0,1,1,0,0,0,0
7.25,6.4399999976,2018-06-19 00:00:00,1,1,1,0,0,0,0
3.2780001163,0,2018-06-20 00:00:00,0,0,0,0,0,0,0
18.0679997802,9.2459999323,2018-06-21 00:00:00,0,1,1,0,0,0,0
17.3120000362,11.5460000634,2018-06-22 00:00:00,0,1,1,0,0,0,0
16.2439998984,10.3739999533,2018-06-23 00:00:00,0,1,1,0,0,0,0
15.8200002313,9.4580000639,2018-06-24 00:00:00,0,1,1,0,0,0,0
15.2579998374,0,2018-06-25 00:00:00,0,0,0,0,0,0,0
21.6020001173,0,2018-06-26 00:00:00,0,0,0,0,0,0,0
13.7839999795,4.7359999418,2018-06-27 00:00:00,0,0,1,0,0,0,0
18.8560000062,1.7000000477,2018-06-28 00:00:00,0,0,0,0,0,0,0
30.0740000606,0.84799999,2018-06-29 00:00:00,0,0,0,0,0,0,0
37.4119999409,0.7699999809,2018-06-30 00:00:00,0,0,0,0,0,0,0
21.5019999146,1.317999959,2018-07-01 00:00:00,0,0,0,0,0,0,0
2.5199999809,1.3359999657,2018-07-02 00:00:00,0,1,1,0,0,0,0
2.2779999375,0.7799999714,2018-07-03 00:00:00,0,1,1,0,0,0,0
10.4480000138,6.3180000186,2018-07-04 00:00:00,0,1,1,0,0,0,0
7.5279999971,4.5700000525,2018-07-05 00:00:00,0,1,1,0,0,0,0
24.20600003,12.25,2018-07-06 00:00:00,0,1,1,0,0,0,0
17.7459999323,9.0059998631,2018-07-07 00:00:00,0,1,1,0,0,0,0
22.4660001397,15.7840001583,2018-07-08 00:00:00,0,1,1,0,0,0,0
24.2559999824,9.1039999723,2018-07-09 00:00:00,0,0,1,0,0,0,0
24.5179999471,10.3320000172,2018-07-10 00:00:00,0,0,1,0,0,0,0
35.5440000892,24.6030000448,2018-07-11 00:00:00,0,1,1,0,0,0,0
14.5499999523,4.2059999704,2018-07-12 00:00:00,0,0,1,0,0,0,0
15.0959998965,6.5339999199,2018-07-13 00:00:00,0,0,1,0,0,0,0
25.4020001888,14.1160001755,2018-07-14 00:00:00,0,1,1,0,0,0,0
35.1040000319,23.3999999762,2018-07-15 00:00:00,0,1,1,0,0,0,0
14.2200000882,0.7160000205,2018-07-16 00:00:00,0,0,0,0,0,0,0
21.4560000896,2.5880000591,2018-07-17 00:00:00,0,0,0,0,0,0,0
11.5280001163,0.6340000033,2018-07-18 00:00:00,0,0,0,0,0,0,0
29.1660000682,4.2160000205,2018-07-19 00:00:00,0,0,0,0,0,0,0
25.8720000386,2.5780000687,2018-07-20 00:00:00,0,0,0,0,0,0,0
26.3780002594,10.1780002117,2018-07-21 00:00:00,0,0,1,0,0,0,0
23.364000082,2.8360000849,2018-07-22 00:00:00,0,0,0,0,0,0,0
0,0,2018-07-23 00:00:00,0,0,0,1,0,0,0
12.6619998217,0,2018-07-24 00:00:00,0,0,0,0,0,0,0
14.8999999762,0,2018-07-25 00:00:00,0,0,0,0,0,0,0
22.2319999337,2.6519999504,2018-07-26 00:00:00,0,0,0,0,0,0,0
11.9380000234,0,2018-07-27 00:00:00,0,0,0,0,0,0,0
37.486000061,4.3399999738,2018-07-28 00:00:00,0,0,0,0,0,0,0
32.6099998951,1.8619999886,2018-07-29 00:00:00,0,0,0,0,0,0,0
12.6279999614,7.5960000753,2018-07-30 00:00:00,0,1,1,0,0,0,0
32.8640000224,25.8199999928,2018-07-31 00:00:00,1,1,1,0,0,0,0
15.242000103,4.9780000448,2018-08-01 00:00:00,0,0,1,0,0,0,0
19.3780001998,3.6700000763,2018-08-02 00:00:00,0,0,0,0,0,0,0
42.5890000463,11.9549999237,2018-08-03 00:00:00,0,0,1,0,0,0,0
32.4340002537,19.682000041,2018-08-04 00:00:00,0,1,1,0,0,0,0
21.6240000129,6.1259999275,2018-08-05 00:00:00,0,0,1,0,0,0,0
10.4380000234,4.1500000358,2018-08-06 00:00:00,0,0,1,0,0,0,0
42.8029999137,19.6360000372,2018-08-07 00:00:00,0,0,1,0,0,0,0
35.740000248,13.9020001888,2018-08-08 00:00:00,0,0,1,0,0,0,0
30.2539999485,7.1159999967,2018-08-09 00:00:00,0,0,1,0,0,0,0
25.174000144,15.1280002594,2018-08-10 00:00:00,0,1,1,0,0,0,0
18.1100000143,8.1780000925,2018-08-11 00:00:00,0,0,1,0,0,0,0
24.7099997401,15.0899998546,2018-08-12 00:00:00,0,1,1,0,0,0,0
22.28799963,0,2018-08-13 00:00:00,0,0,0,0,0,0,0
15.0500000715,1.7639999986,2018-08-14 00:00:00,0,0,0,0,0,0,0
32.2820000052,14.2780001163,2018-08-15 00:00:00,0,0,1,0,0,0,0
22.0160003006,2.9620000422,2018-08-16 00:00:00,0,0,0,0,0,0,0
25.9720002413,2.2000000477,2018-08-17 00:00:00,0,0,0,0,0,0,0
28.9660000205,0,2018-08-18 00:00:00,0,0,0,0,0,0,0
37.1140000224,4.3819999099,2018-08-19 00:00:00,0,0,0,0,0,0,0
0,0,2018-08-20 00:00:00,0,0,0,1,0,0,0
19.3600002527,3.4780001044,2018-08-21 00:00:00,0,0,0,0,0,0,0
20.0839998722,2.9259999394,2018-08-22 00:00:00,0,0,0,0,0,0,0
21.5239998698,2.9300000668,2018-08-23 00:00:00,0,0,0,0,0,0,0
17.9300000668,0.6560000181,2018-08-24 00:00:00,0,0,0,0,0,0,0
27.1699997187,4.5899999142,2018-08-25 00:00:00,0,0,0,0,0,0,0
10.9640001655,0.7340000272,2018-08-26 00:00:00,0,0,0,0,0,0,0
26.0980001092,15.0000001192,2018-08-27 00:00:00,0,1,1,0,0,0,0
32.4419998527,25.1039997935,2018-08-28 00:00:00,1,1,1,0,0,0,0
33.711999476,17.7459998131,2018-08-29 00:00:00,0,1,1,0,0,0,0
22.6600000262,9.0900000334,2018-08-30 00:00:00,0,0,1,0,0,0,0
23.6579999924,17.6640000939,2018-08-31 00:00:00,1,1,1,0,0,0,0
24.0939999223,16.4839997888,2018-09-01 00:00:00,0,1,1,0,0,0,0
31.3799998164,29.2619996667,2018-09-02 00:00:00,1,1,1,0,0,0,0
20.7839999795,0,2018-09-03 00:00:00,0,0,0,0,0,0,0
27.7379997373,4.213999927,2018-09-04 00:00:00,0,0,0,0,0,0,0
12.6100000143,0.6719999909,2018-09-05 00:00:00,0,0,0,0,0,0,0
18.3319999576,4.8739999533,2018-09-06 00:00:00,0,0,1,0,0,0,0
62.0779998899,7.4979999065,2018-09-07 00:00:00,0,0,0,0,0,0,0
67.3090004623,12.003000021,2018-09-08 00:00:00,0,0,0,0,0,0,0
10.8399999142,1.1879999638,2018-09-09 00:00:00,0,0,0,0,0,0,0
10.908000052,6.4280000329,2018-09-10 00:00:00,0,1,1,0,0,0,0
23.1340000033,11.712000072,2018-09-11 00:00:00,0,1,1,0,0,0,0
19.2239997983,10.6939998269,2018-09-12 00:00:00,0,1,1,0,0,0,0
36.1549997926,21.7769999504,2018-09-13 00:00:00,0,1,1,0,0,0,0
35.7971999049,22.1440000534,2018-09-14 00:00:00,0,1,1,0,0,0,0
44.9480001926,26.9800000191,2018-09-15 00:00:00,0,1,1,0,0,0,0
32.1770000458,17.8000000119,2018-09-16 00:00:00,0,1,1,0,0,0,0
6.7299999595,0.7080000043,2018-09-17 00:00:00,0,0,0,0,0,0,0
14.7079998255,0,2018-09-18 00:00:00,0,0,0,0,0,0,0
10.7040001154,0,2018-09-19 00:00:00,0,0,0,0,0,0,0
9.6560000181,0.6299999952,2018-09-20 00:00:00,0,0,0,0,0,0,0
27.9720005393,0,2018-09-21 00:00:00,0,0,0,0,0,0,0
9.8960000277,0.6740000248,2018-09-22 00:00:00,0,0,0,0,0,0,0
28.7779999375,0,2018-09-23 00:00:00,0,0,0,0,0,0,0
12.8517999649,0,2018-09-24 00:00:00,0,0,0,0,0,0,0
13.0179998875,1.9519999623,2018-09-25 00:00:00,0,0,0,0,0,0,0
15.3880000114,0,2018-09-26 00:00:00,0,0,0,0,0,0,0
13.0320000648,0,2018-09-27 00:00:00,0,0,0,0,0,0,0
15.6400000453,1.5900000334,2018-09-28 00:00:00,0,0,0,0,0,0,0
20.7659998536,1.7200000286,2018-09-29 00:00:00,0,0,0,0,0,0,0
36.5280000567,1.9340000153,2018-09-30 00:00:00,0,0,0,0,0,0,0
18.4039998055,7.3799999952,2018-10-01 00:00:00,0,0,1,0,0,0,0
16.4600000978,7.2780001163,2018-10-02 00:00:00,0,0,1,0,0,0,0
12.0312001109,9.9252001047,2018-10-03 00:00:00,1,1,1,0,0,0,0
19.4159998298,8.7079999447,2018-10-04 00:00:00,0,0,1,0,0,0,0
34.5220000744,30.0620000958,2018-10-05 00:00:00,1,1,1,0,0,0,0
37.750000298,28.1740003824,2018-10-06 00:00:00,1,1,1,0,0,0,0
4.530000031,5.8579999804,2018-10-07 00:00:00,1,1,1,0,0,0,0
1.2319999933,1.2319999933,2018-10-08 00:00:00,1,1,1,0,0,0,0
16.031999886,7.6980000734,2018-10-09 00:00:00,0,1,1,0,0,0,0
18.6500000954,9.1719999909,2018-10-10 00:00:00,0,1,1,0,0,0,0
28.6419999003,8.7819999456,2018-10-11 00:00:00,0,0,1,0,0,0,0
15.8873001933,10.5113002062,2018-10-12 00:00:00,0,1,1,0,0,0,0
31.6460000873,21.2740001082,2018-10-13 00:00:00,0,1,1,0,0,0,0
20.1740000248,8.408000052,2018-10-14 00:00:00,0,0,1,0,0,0,0
6.7619999051,0,2018-10-15 00:00:00,0,0,0,0,0,0,0
15.4219999909,1.3159999847,2018-10-16 00:00:00,0,0,0,0,0,0,0
9.4579999447,2.6840000153,2018-10-17 00:00:00,0,0,1,0,0,0,0
12.8080000281,0,2018-10-18 00:00:00,0,0,0,0,0,0,0
22.7639999986,4.4520001411,2018-10-19 00:00:00,0,0,0,0,0,0,0
25.4879999757,4.9600000381,2018-10-20 00:00:00,0,0,0,0,0,0,0
27.1900001168,3.2540000677,2018-10-21 00:00:00,0,0,0,0,0,0,0
10.3120000362,0,2018-10-22 00:00:00,0,0,0,0,0,0,0
27.5320001245,4.6780001521,2018-10-23 00:00:00,0,0,0,0,0,0,0
11.3059999943,0.6600000262,2018-10-24 00:00:00,0,0,0,0,0,0,0
13.4979999661,0.675999999,2018-10-25 00:00:00,0,0,0,0,0,0,0
28.5760002732,22.0780001283,2018-10-26 00:00:00,1,1,1,0,0,0,0
30.6689997911,16.4319998026,2018-10-27 00:00:00,0,1,1,0,0,0,0
21.4240000248,9.2539999485,2018-10-28 00:00:00,0,0,1,0,0,0,0
16.9580000639,8.8720000982,2018-10-29 00:00:00,0,1,1,0,0,0,0
11.486000061,2.5359999537,2018-10-30 00:00:00,0,0,1,0,0,0,0
31.839999795,17.8739999533,2018-10-31 00:00:00,0,1,1,0,0,0,0
38.5939999819,26.55400002,2018-11-01 00:00:00,0,1,1,0,0,0,0
25.0820000172,9.9719999433,2018-11-02 00:00:00,0,0,1,0,0,0,0
21.6159997582,0,2018-11-03 00:00:00,0,0,0,0,0,0,0
23.4220002294,1.3639999628,2018-11-04 00:00:00,0,0,0,0,0,0,0
9.9400000572,7.7019999623,2018-11-05 00:00:00,1,1,1,0,0,0,0
50.4240002632,22.7139997482,2018-11-06 00:00:00,0,0,1,0,0,0,0
13.1319998503,6.0979999304,2018-11-07 00:00:00,0,1,1,0,0,0,0
16.8600000739,7.4400001168,2018-11-08 00:00:00,0,0,1,0,0,0,0
42.4560000896,25.2939998508,2018-11-09 00:00:00,0,1,1,0,0,0,0
51.6779997945,29.0659998655,2018-11-10 00:00:00,0,1,1,0,0,0,0
16.3699997663,13.6939997673,2018-11-11 00:00:00,1,1,1,0,0,0,0
12.9799997807,0.7059999704,2018-11-12 00:00:00,0,0,0,0,0,0,0
19.5239997506,3.3580000401,2018-11-13 00:00:00,0,0,0,0,0,0,0
2.121999979,0,2018-11-14 00:00:00,0,0,1,0,0,0,0
8.1040000319,0.7900000215,2018-11-15 00:00:00,0,0,0,0,0,0,0
28.451000154,0,2018-11-16 00:00:00,0,0,0,0,0,0,0
53.9919999242,5.7220000625,2018-11-17 00:00:00,0,0,0,0,0,0,0
46.6659997702,7.3880000114,2018-11-18 00:00:00,0,0,0,0,0,0,0
12.3660001159,0,2018-11-19 00:00:00,0,0,0,0,0,0,0
17.0579997301,0,2018-11-20 00:00:00,0,0,0,0,0,0,0
11.5080000162,1.9179999828,2018-11-21 00:00:00,0,0,0,0,0,0,0
22.6640000343,5.0199999213,2018-11-22 00:00:00,0,0,1,0,0,0,0
25.016000092,11.932000041,2018-11-23 00:00:00,0,0,1,0,0,0,0
62.6023997664,28.4039998055,2018-11-24 00:00:00,0,0,1,0,0,0,0
0,0.9300000072,2018-11-25 00:00:00,0,0,0,1,0,0,0
0,0,2018-11-26 00:00:00,0,0,0,1,0,0,0
22.1219998598,13.1679999232,2018-11-27 00:00:00,0,1,1,0,0,0,0
27.537999928,16.8939998746,2018-11-28 00:00:00,0,1,1,0,0,0,0
25.6059997678,12.4539999366,2018-11-29 00:00:00,0,1,1,0,0,0,0
17.1259998083,11.271999836,2018-11-30 00:00:00,0,1,1,0,0,0,0
35.7940000892,25.2059999704,2018-12-01 00:00:00,0,1,1,0,0,0,0
21.1306997538,13.4239999056,2018-12-02 00:00:00,0,1,1,0,0,0,0
8.9299999475,0,2018-12-03 00:00:00,0,0,0,0,0,0,0
29.5779999495,2.6679999828,2018-12-04 00:00:00,0,0,0,0,0,0,0
12.6319999099,0,2018-12-05 00:00:00,0,0,0,0,0,0,0
15.2040000558,2.1740000248,2018-12-06 00:00:00,0,0,0,0,0,0,0
9.8360000849,0,2018-12-07 00:00:00,0,0,0,0,0,0,0
28.374599874,2.9179999828,2018-12-08 00:00:00,0,0,0,0,0,0,0
17.7100001574,2.8120000362,2018-12-09 00:00:00,0,0,0,0,0,0,0
3.7400000095,3.7400000095,2018-12-10 00:00:00,1,1,1,0,0,0,0
0.5939999819,0,2018-12-11 00:00:00,0,1,1,0,0,0,0
2.7500000596,1.8300000429,2018-12-12 00:00:00,1,1,1,0,0,0,0
18.4319998622,11.5159999132,2018-12-13 00:00:00,0,1,1,0,0,0,0
34.0219998956,26.0999999046,2018-12-14 00:00:00,1,1,1,0,0,0,0
44.1879999638,33.0999999642,2018-12-15 00:00:00,1,1,1,0,0,0,0
22.683999598,16.1179995537,2018-12-16 00:00:00,0,1,1,0,0,0,0
11.2440000176,0,2018-12-17 00:00:00,0,0,0,0,0,0,0
16.2039998174,0,2018-12-18 00:00:00,0,0,0,0,0,0,0
9.2539999485,1.9280000329,2018-12-19 00:00:00,0,0,1,0,0,0,0
23.0739997029,0,2018-12-20 00:00:00,0,0,0,0,0,0,0
4.5739998817,0,2018-12-21 00:00:00,0,0,0,0,0,0,0
0.8420000076,0,2018-12-22 00:00:00,0,1,1,0,0,0,0
0,0,2018-12-23 00:00:00,0,0,0,1,0,0,0
0,0,2018-12-24 00:00:00,0,0,0,1,0,0,0
0,0,2018-12-25 00:00:00,0,0,0,1,0,0,0
12.1240000725,0.9319999814,2018-12-26 00:00:00,0,0,0,0,0,0,0
16.6859999895,1.4119999409,2018-12-27 00:00:00,0,0,0,0,0,0,0
33.1399996877,0.8519999981,2018-12-28 00:00:00,0,0,0,0,0,0,0
26.8880004287,4.5220000744,2018-12-29 00:00:00,0,0,0,0,0,0,0
44.5499999523,5.6840001345,2018-12-30 00:00:00,0,0,0,0,0,0,0
24.1720000505,0,2018-12-31 00:00:00,0,0,0,0,0,0,0
0,0,2019-01-01 00:00:00,0,0,0,1,0,0,0
13.8620000482,2.5420000553,2019-01-02 00:00:00,0,0,0,0,0,0,13.8620000482
13.1879999638,0,2019-01-03 00:00:00,0,0,0,0,14,18,-0.8120000362
21.2380001545,1.2879999876,2019-01-04 00:00:00,0,0,0,0,21,18,0.2380001545
26.9780000448,0,2019-01-05 00:00:00,0,0,0,0,26,6,0.9780000448
9.0520000458,0,2019-01-06 00:00:00,0,0,0,0,31,48,-21.9479999542
30.7100000381,16.3799999952,2019-01-07 00:00:00,0,1,1,0,0,0,30.7100000381
15.5420001745,10.7620001435,2019-01-08 00:00:00,0,1,1,0,19,24,-3.4579998255
26.5359999537,14.3579999804,2019-01-09 00:00:00,0,1,1,0,16,0,10.5359999537
21.9659996033,13.7499997616,2019-01-10 00:00:00,0,1,1,0,20,30,1.9659996033
15.3000000119,8.0260000229,2019-01-11 00:00:00,0,1,1,0,29,36,-13.6999999881
29.332000494,19.9180005193,2019-01-12 00:00:00,0,1,1,0,32,24,-2.667999506
31.4539999366,9.4380001426,2019-01-13 00:00:00,0,0,1,0,39,12,-7.5460000634
2.3600000143,2.3600000143,2019-01-14 00:00:00,1,1,1,0,0,0,2.3600000143
10.2019999623,3.219999969,2019-01-15 00:00:00,0,0,1,0,24,12,-13.7980000377
16.1560001969,7.6340001225,2019-01-16 00:00:00,0,1,1,0,18,18,-1.8439998031
11.3439998627,6.9799998999,2019-01-17 00:00:00,0,1,1,0,24,72,-12.6560001373
47.6779998541,21.8539999127,2019-01-18 00:00:00,0,0,1,0,32,0,15.6779998541
38.8899998665,24.7919998169,2019-01-19 00:00:00,0,1,1,0,43,72,-4.1100001335
31.3899998665,18.3499999642,2019-01-20 00:00:00,0,1,1,0,48,24,-16.6100001335
3.7200000286,2.0080000758,2019-01-21 00:00:00,0,1,1,0,0,0,3.7200000286
13.2719998956,1.8679999709,2019-01-22 00:00:00,0,0,0,0,13,30,0.2719998956
8.3980000615,2.8840000629,2019-01-23 00:00:00,0,0,1,0,14,6,-5.6019999385
11.4120000601,0.621999979,2019-01-24 00:00:00,0,0,0,0,16,0,-4.5879999399
35.6059999466,9.9339997768,2019-01-25 00:00:00,0,0,1,0,24,0,11.6059999466
52.2200003862,4.4819999933,2019-01-26 00:00:00,0,0,0,0,33,60,19.2200003862
29.5019999743,1.5579999685,2019-01-27 00:00:00,0,0,0,0,28,36,1.5019999743
28.6379997134,7.7979998589,2019-01-28 00:00:00,0,0,1,0,0,0,28.6379997134
16.704000175,0,2019-01-29 00:00:00,0,0,0,0,16,36,0.704000175
15.7039999962,0.6439999938,2019-01-30 00:00:00,0,0,0,0,16,0,-0.2960000038
8.7960000634,0.8740000129,2019-01-31 00:00:00,0,0,0,0,24,24,-15.2039999366
29.5920000076,7.2740000486,2019-02-01 00:00:00,0,0,1,0,39,60,-9.4079999924
47.3444999456,9.4599999785,2019-02-02 00:00:00,0,0,0,0,46,60,1.3444999456
48.0899999738,2.9620000124,2019-02-03 00:00:00,0,0,0,0,46,0,2.0899999738
26.1509995461,20.8689995408,2019-02-04 00:00:00,1,1,1,0,0,0,26.1509995461
17.3839997649,6.9979999065,2019-02-05 00:00:00,0,0,1,0,11,0,6.3839997649
8.4139999151,3.567999959,2019-02-06 00:00:00,0,0,1,0,13,0,-4.5860000849
3.5719999671,0,2019-02-07 00:00:00,0,0,0,0,16,48,-12.4280000329
10.938000083,7.8180000186,2019-02-08 00:00:00,0,1,1,0,30,42,-19.061999917
30.9046999812,20.9660000205,2019-02-09 00:00:00,0,1,1,0,36,24,-5.0953000188
30.1979996562,20.5419997573,2019-02-10 00:00:00,0,1,1,0,40,42,-9.8020003438
21.7919999361,6.0680000186,2019-02-11 00:00:00,0,0,1,0,0,0,21.7919999361
28.0479998589,15.0779997706,2019-02-12 00:00:00,0,1,1,0,16,18,12.0479998589
13.9580000639,6.7380000353,2019-02-13 00:00:00,0,1,1,0,18,0,-4.0419999361
9.1959999204,3.5199999809,2019-02-14 00:00:00,0,0,1,0,18,24,-8.8040000796
31.5279001594,17.5018999577,2019-02-15 00:00:00,0,1,1,0,33,54,-1.4720998406
24.7478000522,11.3939999938,2019-02-16 00:00:00,0,0,1,0,47,6,-22.2521999478
30.2080001831,18.566000104,2019-02-17 00:00:00,0,1,1,0,60,72,-29.7919998169
14.7519999743,5.5119999647,2019-02-18 00:00:00,0,0,1,0,0,0,14.7519999743
15.3180001974,4.3080000877,2019-02-19 00:00:00,0,0,1,0,19,18,-3.6819998026
8.0980000496,0.6480000019,2019-02-20 00:00:00,0,0,0,0,22,0,-13.9019999504
4.3339999914,0.7220000029,2019-02-21 00:00:00,0,0,1,0,18,6,-13.6660000086
23.7860003114,7.3440001011,2019-02-22 00:00:00,0,0,1,0,35,6,-11.2139996886
23.2379998565,2.0339999795,2019-02-23 00:00:00,0,0,0,0,47,30,-23.7620001435
14.501999855,0.8700000048,2019-02-24 00:00:00,0,0,0,0,69,54,-54.498000145
15.8360000849,2.7460000515,2019-02-25 00:00:00,0,0,0,0,0,0,15.8360000849
13.5200000405,4.8700000048,2019-02-26 00:00:00,0,0,1,0,21,18,-7.4799999595
20.971999824,0.9620000124,2019-02-27 00:00:00,0,0,0,0,18,42,2.971999824
7.8919999599,1.8140000105,2019-02-28 00:00:00,0,0,1,0,18,6,-10.1080000401
15.9399998784,11.841999948,2019-03-01 00:00:00,1,1,1,0,22,0,-6.0600001216
51.878000021,28.9560001493,2019-03-02 00:00:00,0,1,1,0,30,48,21.878000021
41.6040002108,26.5200001597,2019-03-03 00:00:00,0,1,1,0,24,0,17.6040002108
9.522000134,7.6700001359,2019-03-04 00:00:00,1,1,1,0,0,0,9.522000134
16.3399999142,8.7960000038,2019-03-05 00:00:00,0,1,1,0,21,24,-4.6600000858
16.924000144,11.3380001187,2019-03-06 00:00:00,0,1,1,0,17,18,-0.075999856
14.5259999037,10.8439999223,2019-03-07 00:00:00,1,1,1,0,17,0,-2.4740000963
41.8889995813,20.5549996495,2019-03-08 00:00:00,0,1,1,0,22,42,19.8889995813
46.9280001521,21.7440001369,2019-03-09 00:00:00,0,0,1,0,29,60,17.9280001521
40.2740002275,21.7240001559,2019-03-10 00:00:00,0,1,1,0,39,54,1.2740002275
10.263999939,2.4579999447,2019-03-11 00:00:00,0,0,1,0,0,0,10.263999939
15.6560000777,3.5140000582,2019-03-12 00:00:00,0,0,1,0,23,0,-7.3439999223
16.4300000072,0,2019-03-13 00:00:00,0,0,0,0,22,0,-5.5699999928
5.8079999685,1.4220000505,2019-03-14 00:00:00,0,0,1,0,22,0,-16.1920000315
21.8140002489,1.2720000148,2019-03-15 00:00:00,0,0,0,0,28,18,-6.1859997511
16.2159996629,0.6359999776,2019-03-16 00:00:00,0,0,0,0,37,18,-20.7840003371
14.0539998412,2.5399999619,2019-03-17 00:00:00,0,0,0,0,29,72,-14.9460001588
8.8359999657,5.4940000176,2019-03-18 00:00:00,0,1,1,0,0,0,8.8359999657
10.498000145,5.1040000319,2019-03-19 00:00:00,0,1,1,0,18,0,-7.501999855
13.9599999189,12.5399999619,2019-03-20 00:00:00,1,1,1,0,17,0,-3.0400000811
26.2410002947,12.0910000801,2019-03-21 00:00:00,0,0,1,0,18,60,8.2410002947
68.9156996896,48.2726997426,2019-03-22 00:00:00,0,1,1,0,19,0,49.9156996896
10.444999814,7.311999917,2019-03-23 00:00:00,0,1,1,0,25,36,-14.555000186
30.3020001054,26.2660000324,2019-03-24 00:00:00,1,1,1,0,21,0,9.3020001054
8.9799998999,0,2019-03-25 00:00:00,0,0,0,0,0,0,8.9799998999
14.2720002532,2.1060000658,2019-03-26 00:00:00,0,0,0,0,17,0,-2.7279997468
13.9759998918,0,2019-03-27 00:00:00,0,0,0,0,19,18,-5.0240001082
21.3639999032,6.6399998665,2019-03-28 00:00:00,0,0,1,0,20,30,1.3639999032
24.0419996977,3.2259998918,2019-03-29 00:00:00,0,0,0,0,22,24,2.0419996977
31.2439997792,1.2719999552,2019-03-30 00:00:00,0,0,0,0,31,36,0.2439997792
29.3580000401,2.0219999552,2019-03-31 00:00:00,0,0,0,0,28,24,1.3580000401
16.3000001907,0,2019-04-01 00:00:00,0,0,0,0,0,0,16.3000001907
7.3120000362,1.128000021,2019-04-02 00:00:00,0,0,1,0,19,0,-11.6879999638
15.6080000997,0,2019-04-03 00:00:00,0,0,0,0,21,24,-5.3919999003
16.6120003462,0.6399999857,2019-04-04 00:00:00,0,0,0,0,21,6,-4.3879996538
12.712000072,2.0800000429,2019-04-05 00:00:00,0,0,0,0,25,12,-12.287999928
23.0359997153,0,2019-04-06 00:00:00,0,0,0,0,33,54,-9.9640002847
11.6439999342,0.6460000277,2019-04-07 00:00:00,0,0,0,0,40,48,-28.3560000658
27.1800000072,18.0260000229,2019-04-08 00:00:00,0,1,1,0,0,0,27.1800000072
20.817999959,10.2979999781,2019-04-09 00:00:00,0,1,1,0,16,0,4.817999959
20.894000113,16.1920001507,2019-04-10 00:00:00,1,1,1,0,17,6,3.894000113
22.0947998762,14.1427999735,2019-04-11 00:00:00,0,1,1,0,17,24,5.0947998762
28.7839998603,15.8699999452,2019-04-12 00:00:00,0,1,1,0,23,30,5.7839998603
39.394000411,25.9920002222,2019-04-13 00:00:00,0,1,1,0,32,66,7.394000411
13.1899998784,6.5339998603,2019-04-14 00:00:00,0,1,1,0,47,24,-33.8100001216
20.6080002189,11.9800001383,2019-04-15 00:00:00,0,1,1,0,0,0,20.6080002189
34.8320000172,13.0380000472,2019-04-16 00:00:00,0,0,1,0,17,12,17.8320000172
15.2580001354,4.7880001068,2019-04-17 00:00:00,0,0,1,0,23,24,-7.7419998646
44.2089999914,15.7220000029,2019-04-18 00:00:00,0,0,1,0,29,66,15.2089999914
51.2820000648,24.6880000234,2019-04-19 00:00:00,0,0,1,0,60,72,-8.7179999352
16.5099999309,9.3360000253,2019-04-20 00:00:00,0,1,1,0,23,36,-6.4900000691
7.9919999838,4.3899999857,2019-04-21 00:00:00,0,1,1,0,19,24,-11.0080000162
20.1200000644,2.6199998856,2019-04-22 00:00:00,0,0,0,0,0,0,20.1200000644
20.5660000443,4.2220000029,2019-04-23 00:00:00,0,0,0,0,18,0,2.5660000443
21.1160001755,5.236000061,2019-04-24 00:00:00,0,0,1,0,21,0,0.1160001755
30.4620003104,8.7179999352,2019-04-25 00:00:00,0,0,1,0,24,18,6.4620003104
32.5660001636,7.273999989,2019-04-26 00:00:00,0,0,0,0,26,36,6.5660001636
39.7879998684,4.6079999208,2019-04-27 00:00:00,0,0,0,0,34,78,5.7879998684
27.0879999399,3.3259999156,2019-04-28 00:00:00,0,0,0,0,48,6,-20.9120000601
12.9860002398,0,2019-04-29 00:00:00,0,0,0,0,0,0,12.9860002398
20.240000248,6.19599998,2019-04-30 00:00:00,0,0,1,0,15,18,5.240000248
28.7820003033,7.6519998312,2019-05-01 00:00:00,0,0,1,0,19,66,9.7820003033
11.1120001078,3.1620000601,2019-05-02 00:00:00,0,0,1,0,18,0,-6.8879998922
26.9669998288,11.9229998589,2019-05-03 00:00:00,0,0,1,0,20,6,6.9669998288
34.1540001631,5.1940001249,2019-05-04 00:00:00,0,0,0,0,29,24,5.1540001631
21.7720000744,2.6880000234,2019-05-05 00:00:00,0,0,0,0,23,0,-1.2279999256
0,0,2019-05-06 00:00:00,0,0,0,1,0,0,0
13.614000082,7.8820000887,2019-05-07 00:00:00,0,1,1,0,17,12,-3.385999918
30.076000452,15.5900001526,2019-05-08 00:00:00,0,1,1,0,20,36,10.076000452
13.6650000811,6.4830000997,2019-05-09 00:00:00,0,1,1,0,21,24,-7.3349999189
36.2199996114,18.6819998622,2019-05-10 00:00:00,0,1,1,0,27,36,9.2199996114
38.8780004382,23.9260002971,2019-05-11 00:00:00,0,1,1,0,36,54,2.8780004382
37.8519998193,17.7979998589,2019-05-12 00:00:00,0,0,1,0,40,36,-2.1480001807
23.0039997101,12.9339997768,2019-05-13 00:00:00,0,1,1,0,0,0,23.0039997101
15.7059999704,4.7160000205,2019-05-14 00:00:00,0,0,1,0,20,18,-4.2940000296
25.0979996324,8.9059997797,2019-05-15 00:00:00,0,0,1,0,25,24,0.0979996324
14.5460000038,10.20600003,2019-05-16 00:00:00,0,1,1,0,27,24,-12.4539999962
29.1820002198,14.2120001912,2019-05-17 00:00:00,0,1,1,0,31,42,-1.8179997802
37.6060000658,21.9539999366,2019-05-18 00:00:00,0,1,1,0,41,60,-3.3939999342
41.6759997606,26.2219997048,2019-05-19 00:00:00,0,1,1,0,28,24,13.6759997606
15.7279999256,0.6420000196,2019-05-20 00:00:00,0,0,0,0,0,0,15.7279999256
24.0219997764,1.4659999609,2019-05-21 00:00:00,0,0,0,0,18,6,6.0219997764
12.0919998288,1.3839999437,2019-05-22 00:00:00,0,0,0,0,21,30,-8.9080001712
24.1739999056,2.40200001,2019-05-23 00:00:00,0,0,0,0,22,36,2.1739999056
37.0780000091,4.4060000181,2019-05-24 00:00:00,0,0,0,0,24,0,13.0780000091
24.2859996557,1.7799999714,2019-05-25 00:00:00,0,0,0,0,32,0,-7.7140003443
17.2280002236,6.3680000901,2019-05-26 00:00:00,0,0,1,0,35,42,-17.7719997764
3.2679999471,0,2019-05-27 00:00:00,0,0,0,0,0,0,3.2679999471
10.7559998631,6.015999794,2019-05-28 00:00:00,0,1,1,0,14,0,-3.2440001369
5.6760001183,0,2019-05-29 00:00:00,0,0,0,0,16,42,-10.3239998817
5.6740000844,0,2019-05-30 00:00:00,0,0,0,0,17,36,-11.3259999156
21.2920001745,2.6499999762,2019-05-31 00:00:00,0,0,0,0,20,0,1.2920001745
35.3960000873,4.3059999943,2019-06-01 00:00:00,0,0,0,0,23,0,12.3960000873
57.8880003095,1.8379999995,2019-06-02 00:00:00,0,0,0,0,31,0,26.8880003095
2.6980000138,1.80400002,2019-06-03 00:00:00,1,1,1,0,0,0,2.6980000138
23.6980000138,10.6780000925,2019-06-04 00:00:00,0,0,1,0,18,18,5.6980000138
21.6000001431,16.8240001202,2019-06-05 00:00:00,1,1,1,0,22,6,-0.3999998569
22.7399997115,11.9339997768,2019-06-06 00:00:00,0,1,1,0,23,80,-0.2600002885
27.1659998894,10.7399998903,2019-06-07 00:00:00,0,0,1,0,31,42,-3.8340001106
28.4359999299,21.7699999213,2019-06-08 00:00:00,1,1,1,0,34,0,-5.5640000701
36.5779998899,21.8520000577,2019-06-09 00:00:00,0,1,1,0,34,48,2.5779998899
27.635999918,0.7839999795,2019-06-10 00:00:00,0,0,0,0,0,0,27.635999918
22.6219999194,1.3680000305,2019-06-11 00:00:00,0,0,0,0,14,0,8.6219999194
9.5800001025,0.7979999781,2019-06-12 00:00:00,0,0,0,0,17,6,-7.4199998975
23.9360001683,4.1460000277,2019-06-13 00:00:00,0,0,0,0,23,36,0.9360001683
31.4999998212,5.1039999127,2019-06-14 00:00:00,0,0,0,0,23,36,8.4999998212
55.8380002975,7.8980000615,2019-06-15 00:00:00,0,0,0,0,40,36,15.8380002975
12.0220001936,3.3919999599,2019-06-16 00:00:00,0,0,1,0,40,42,-27.9779998064
0,0,2019-06-17 00:00:00,0,0,0,1,15,18,-15
16.5800002217,6.4440000653,2019-06-18 00:00:00,0,0,1,0,17,18,-0.4199997783
37.3269997239,21.3159998655,2019-06-19 00:00:00,0,1,1,0,24,40,13.3269997239
29.5360004902,22.2360004187,2019-06-20 00:00:00,1,1,1,0,21,20,8.5360004902
23.3579999208,19.1219999194,2019-06-21 00:00:00,1,1,1,0,34,48,-10.6420000792
16.2760002017,10.3040001392,2019-06-22 00:00:00,0,1,1,0,37,60,-20.7239997983
36.5040001869,24.7280002832,2019-06-23 00:00:00,0,1,1,0,0,0,36.5040001869
9.2059999108,2.8279999495,2019-06-24 00:00:00,0,0,1,0,19,24,-9.7940000892
4.8480000496,0,2019-06-25 00:00:00,0,0,0,0,18,30,-13.1519999504
15.0080000162,2.4959999919,2019-06-26 00:00:00,0,0,0,0,19,24,-3.9919999838
9.7080001235,0.6140000224,2019-06-27 00:00:00,0,0,0,0,22,0,-12.2919998765
22.6260001063,1.2760000229,2019-06-28 00:00:00,0,0,0,0,34,36,-11.3739998937
24.009999752,2.0360000134,2019-06-29 00:00:00,0,0,0,0,38,10,-13.990000248
29.242000103,8.1140002608,2019-06-30 00:00:00,0,0,1,0,0,0,29.242000103
21.4960000515,6.0979999304,2019-07-01 00:00:00,0,0,1,0,14,6,7.4960000515
6.9440000057,3.6560000777,2019-07-02 00:00:00,0,1,1,0,15,36,-8.0559999943
8.6439999342,5.3599999547,2019-07-03 00:00:00,0,1,1,0,15,18,-6.3560000658
19.7720000744,10.9919999838,2019-07-04 00:00:00,0,1,1,0,25,6,-5.2279999256
13.2179998755,3.2899999619,2019-07-05 00:00:00,0,0,1,0,32,30,-18.7820001245
23.0340000987,10.8520000577,2019-07-06 00:00:00,0,0,1,0,29,10,-5.9659999013
23.6719999909,18.2959998846,2019-07-07 00:00:00,1,1,1,0,0,0,23.6719999909
14.1300001144,1.6740000248,2019-07-08 00:00:00,0,0,0,0,14,0,0.1300001144
11.44599998,8.1160000563,2019-07-09 00:00:00,0,1,1,0,14,12,-2.55400002
23.4780000448,7.0659999847,2019-07-10 00:00:00,0,0,1,0,16,10,7.4780000448
14.4480000734,1.3320000172,2019-07-11 00:00:00,0,0,0,0,22,30,-7.5519999266
28.8359999657,17.5999999642,2019-07-12 00:00:00,0,1,1,0,26,36,2.8359999657
38.1770000458,17.3060000539,2019-07-13 00:00:00,0,0,1,0,31,30,7.1770000458
31.8480000496,11.8560000658,2019-07-14 00:00:00,0,0,1,0,0,0,31.8480000496
16.3259997368,2.0879999399,2019-07-15 00:00:00,0,0,0,0,12,0,4.3259997368
20.5349997878,3.4519999027,2019-07-16 00:00:00,0,0,0,0,13,6,7.5349997878
13.325999856,0,2019-07-17 00:00:00,0,0,0,0,14,6,-0.674000144
1.9380000234,0.7919999957,2019-07-18 00:00:00,0,1,1,0,17,20,-15.0619999766
7.114000082,1.8400000334,2019-07-19 00:00:00,0,0,1,0,21,40,-13.885999918
25.667999804,5.8399999738,2019-07-20 00:00:00,0,0,1,0,26,40,-0.332000196
30.7099998593,1.6560000181,2019-07-21 00:00:00,0,0,0,0,0,0,30.7099998593
16.8240000606,0.7680000067,2019-07-22 00:00:00,0,0,0,0,8,0,8.8240000606
19.824000001,10.0159999728,2019-07-23 00:00:00,0,1,1,0,10,24,9.824000001
21.4720001817,2.8040000796,2019-07-24 00:00:00,0,0,0,0,11,18,10.4720001817
15.2700001597,0.6159999967,2019-07-25 00:00:00,0,0,0,0,16,36,-0.7299998403
8.5439998507,0,2019-07-26 00:00:00,0,0,0,0,24,30,-15.4560001493
23.1259998679,5.8979998827,2019-07-27 00:00:00,0,0,1,0,24,0,-0.8740001321
25.0579995513,1.5579999685,2019-07-28 00:00:00,0,0,0,0,0,0,25.0579995513
15.4900000691,8.6820001006,2019-07-29 00:00:00,0,1,1,0,13,0,2.4900000691
13.2919998169,4.3999999166,2019-07-30 00:00:00,0,0,1,0,15,18,-1.7080001831
12.3000000715,3.9219999909,2019-07-31 00:00:00,0,0,1,0,19,18,-6.6999999285
18.9179998636,11.273999989,2019-08-01 00:00:00,0,1,1,0,24,24,-5.0820001364
18.2480000257,9.2880000472,2019-08-02 00:00:00,0,1,1,0,31,12,-12.7519999743
26.8780000806,14.9740001559,2019-08-03 00:00:00,0,1,1,0,31,48,-4.1219999194
30.6280002594,17.6180000901,2019-08-04 00:00:00,0,1,1,0,0,0,30.6280002594
9.9530001283,4.2240000367,2019-08-05 00:00:00,0,0,1,0,14,6,-4.0469998717
17.221999824,6.3679999113,2019-08-06 00:00:00,0,0,1,0,14,24,3.221999824
14.2579997778,6.0799998641,2019-08-07 00:00:00,0,0,1,0,15,30,-0.7420002222
21.6640000343,14.4640001059,2019-08-08 00:00:00,0,1,1,0,20,30,1.6640000343
32.9759998918,19.2479998469,2019-08-09 00:00:00,0,1,1,0,29,54,3.9759998918
24.862000227,8.5460003018,2019-08-10 00:00:00,0,0,1,0,35,6,-10.137999773
18.2400000095,5.5820000768,2019-08-11 00:00:00,0,0,1,0,0,0,18.2400000095
8.4799998403,2.0579999685,2019-08-12 00:00:00,0,0,1,0,14,12,-5.5200001597
8.5719999671,0,2019-08-13 00:00:00,0,0,0,0,13,36,-4.4280000329
14.8480000496,0,2019-08-14 00:00:00,0,0,0,0,16,30,-1.1519999504
16.316000104,0.8420000076,2019-08-15 00:00:00,0,0,0,0,18,30,-1.683999896
31.2879999876,5.5,2019-08-16 00:00:00,0,0,0,0,24,18,7.2879999876
14.0995000005,1.5559999943,2019-08-17 00:00:00,0,0,0,0,28,24,-13.9004999995
21.9359998703,2.7220000029,2019-08-18 00:00:00,0,0,0,0,0,0,21.9359998703
20.5639999509,1.8959999681,2019-08-19 00:00:00,0,0,0,0,13,0,7.5639999509
9.1289999485,0,2019-08-20 00:00:00,0,0,0,0,12,0,-2.8710000515
4.037999928,0.6039999723,2019-08-21 00:00:00,0,0,1,0,14,6,-9.962000072
9.001999855,1.2539999485,2019-08-22 00:00:00,0,0,0,0,18,42,-8.998000145
35.6830002666,1.6119999886,2019-08-23 00:00:00,0,0,0,0,23,24,12.6830002666
15.9880000353,1.0180000067,2019-08-24 00:00:00,0,0,0,0,29,30,-13.0119999647
12.9199999571,0,2019-08-25 00:00:00,0,0,0,0,0,0,12.9199999571
6.4610000849,1.9659999609,2019-08-26 00:00:00,0,0,1,0,13,0,-6.5389999151
9.5559998751,6.1019999981,2019-08-27 00:00:00,0,1,1,0,11,18,-1.4440001249
4.9519999623,2.7999999523,2019-08-28 00:00:00,0,1,1,0,12,30,-7.0480000377
12.6080000401,4.1449999809,2019-08-29 00:00:00,0,0,1,0,18,30,-5.3919999599
20.7049999833,8.5379999876,2019-08-30 00:00:00,0,0,1,0,19,18,1.7049999833
23.7540000677,10.6709998846,2019-08-31 00:00:00,0,0,1,0,26,6,-2.2459999323
20.880000174,14.6590000391,2019-09-01 00:00:00,0,1,1,0,0,0,20.880000174
5.4900000095,0.7360000014,2019-09-02 00:00:00,0,0,1,0,13,0,-7.5099999905
9.2869999409,0,2019-09-03 00:00:00,0,0,0,0,13,18,-3.7130000591
4.969999969,0,2019-09-04 00:00:00,0,0,0,0,14,18,-9.030000031
2.8339999914,0,2019-09-05 00:00:00,0,0,1,0,21,30,-18.1660000086
5.9539999366,0,2019-09-06 00:00:00,0,0,0,0,22,20,-16.0460000634
11.8890001774,1.4150000215,2019-09-07 00:00:00,0,0,0,0,27,24,-15.1109998226
7.9200000167,1.9160000086,2019-09-08 00:00:00,0,0,1,0,0,0,7.9200000167
28.9960000515,14.8939999938,2019-09-09 00:00:00,0,1,1,0,14,0,14.9960000515
14.4019997418,8.6639998555,2019-09-10 00:00:00,0,1,1,0,7,0,7.4019997418
6.5639999509,4.6439999938,2019-09-11 00:00:00,0,1,1,0,15,12,-8.4360000491
14.236999929,4.6149998903,2019-09-12 00:00:00,0,0,1,0,19,18,-4.763000071
41.2629995942,20.5479998589,2019-09-13 00:00:00,0,1,1,0,26,48,15.2629995942
32.7900002003,15.5280001163,2019-09-14 00:00:00,0,0,1,0,28,0,4.7900002003
19.5149999857,11.263999939,2019-09-15 00:00:00,0,1,1,0,0,0,19.5149999857
4.587000072,1.2580000162,2019-09-16 00:00:00,0,0,1,0,13,18,-8.412999928
2.6240000129,0,2019-09-17 00:00:00,0,0,1,0,11,12,-8.3759999871
23.0499998927,0.9710000157,2019-09-18 00:00:00,0,0,0,0,13,12,10.0499998927
13.6339998245,0,2019-09-19 00:00:00,0,0,0,0,14,0,-0.3660001755
49.5469999313,0.9559999704,2019-09-20 00:00:00,0,0,0,0,18,24,31.5469999313
18.9019999504,1.8339999318,2019-09-21 00:00:00,0,0,0,0,25,6,-6.0980000496
10.328999877,0.6980000138,2019-09-22 00:00:00,0,0,0,0,0,0,10.328999877
6.0880000591,0.7300000191,2019-09-23 00:00:00,0,0,0,0,9,0,-2.9119999409
12.337000072,0.6420000196,2019-09-24 00:00:00,0,0,0,0,8,24,4.337000072
13.4900000095,2.0859999657,2019-09-25 00:00:00,0,0,0,0,9,24,4.4900000095
13.3809999228,4.0029999018,2019-09-26 00:00:00,0,0,1,0,10,18,3.3809999228
10.364000082,1.3700000048,2019-09-27 00:00:00,0,0,0,0,11,0,-0.635999918
27.4819999933,1.371999979,2019-09-28 00:00:00,0,0,0,0,17,18,10.4819999933
13.7229998112,0,2019-09-29 00:00:00,0,0,0,0,0,0,13.7229998112
13.7330000401,4.7599999905,2019-09-30 00:00:00,0,0,1,0,10,0,3.7330000401
