quantidade,quantidade_promocao,Earliest Date,promocao
190.0210001171,0,2017-01-01 00:00:00,0
59.1457003951,0,2017-01-02 00:00:00,0
146.7260995805,0,2017-01-03 00:00:00,0
113.8176998198,1.3309999704,2017-01-04 00:00:00,0
143.4283998609,2.1925001144,2017-01-05 00:00:00,0
98.837000221,0.7220000029,2017-01-06 00:00:00,0
190.0210001171,0,2017-01-07 00:00:00,0
159.1912001967,2.5,2017-01-08 00:00:00,0
68.5695000887,42.2675000727,2017-01-09 00:00:00,1
85.4176999331,40.4416999519,2017-01-10 00:00:00,1
70.4406002916,35.5946003057,2017-01-11 00:00:00,1
42.9989997149,24.7429997921,2017-01-12 00:00:00,1
104.4790000916,57.1560000777,2017-01-13 00:00:00,1
141.4729999304,74.0879998505,2017-01-14 00:00:00,1
72.1259998083,39.2880000472,2017-01-15 00:00:00,1
31.4099995494,6.4759998918,2017-01-16 00:00:00,0
183.1419002712,67.8880002797,2017-01-17 00:00:00,1
131.8466005623,57.6276003718,2017-01-18 00:00:00,1
157.4944996855,69.1140000522,2017-01-19 00:00:00,1
232.8419009149,98.5942004919,2017-01-20 00:00:00,1
223.2081008516,98.1214001738,2017-01-21 00:00:00,1
141.4481001794,69.3980999887,2017-01-22 00:00:00,1
55.9313999931,51.7774000685,2017-01-23 00:00:00,1
135.0001997948,130.5881997943,2017-01-24 00:00:00,1
185.1325998902,172.7476000786,2017-01-25 00:00:00,1
149.1113997102,10.1523999572,2017-01-26 00:00:00,0
151.1173999608,11.2027000785,2017-01-27 00:00:00,0
281.7555005997,24.5251998305,2017-01-28 00:00:00,0
124.0780997276,2.067999959,2017-01-29 00:00:00,0
78.5582006574,4.4929999709,2017-01-30 00:00:00,0
118.2361994088,2.8799999952,2017-01-31 00:00:00,0
62.4417002222,4.95600003,2017-02-01 00:00:00,0
87.9075998068,0,2017-02-02 00:00:00,0
117.5010007918,9.9240001738,2017-02-03 00:00:00,0
172.897900342,18.8930001259,2017-02-04 00:00:00,0
130.1310004592,12.5501000583,2017-02-05 00:00:00,0
47.8450005248,10.230999887,2017-02-06 00:00:00,0
212.1515006721,96.4525002241,2017-02-07 00:00:00,1
123.5718995882,59.4580995739,2017-02-08 00:00:00,1
157.1592008471,90.3275004029,2017-02-09 00:00:00,1
207.3220002949,121.4890001416,2017-02-10 00:00:00,1
209.8107996285,119.4127999544,2017-02-11 00:00:00,1
134.0318997204,71.5418998003,2017-02-12 00:00:00,1
66.8076000512,39.7656000257,2017-02-13 00:00:00,1
56.1574997604,22.8535998762,2017-02-14 00:00:00,1
72.0788001716,33.345800221,2017-02-15 00:00:00,1
111.3320997357,47.5411002338,2017-02-16 00:00:00,1
134.1194997728,64.7731996775,2017-02-17 00:00:00,1
160.5650001466,83.0170000792,2017-02-18 00:00:00,1
153.4575003386,71.6592006087,2017-02-19 00:00:00,1
47.0203000307,5.0469999909,2017-02-20 00:00:00,0
150.6290006638,4.9179999828,2017-02-21 00:00:00,0
113.3068000525,23.1818003654,2017-02-22 00:00:00,0
129.6704001874,15.419400081,2017-02-23 00:00:00,0
169.807800591,18.3101003766,2017-02-24 00:00:00,0
255.0773997605,22.8359998167,2017-02-25 00:00:00,0
149.7704992592,14.0940000415,2017-02-26 00:00:00,0
130.5956993699,8.7079998851,2017-02-27 00:00:00,0
182.9111995697,14.5622000098,2017-02-28 00:00:00,0
163.4829002619,16.4519000351,2017-03-01 00:00:00,0
151.8200003207,5.942999959,2017-03-02 00:00:00,0
207.0520995557,24.4112001657,2017-03-03 00:00:00,0
195.4210994393,13.6000000536,2017-03-04 00:00:00,0
191.0845992863,11.1929998398,2017-03-05 00:00:00,0
93.5704000294,57.0809998214,2017-03-06 00:00:00,1
180.9614004791,115.7834002972,2017-03-07 00:00:00,1
150.373299852,74.2352998853,2017-03-08 00:00:00,1
154.0728999972,87.3136999905,2017-03-09 00:00:00,1
228.8790999055,158.7753999531,2017-03-10 00:00:00,1
190.5543999672,126.6645997465,2017-03-11 00:00:00,1
135.7859992981,85.3549995124,2017-03-12 00:00:00,1
72.9295999408,7.3555999994,2017-03-13 00:00:00,0
86.9810003936,8.1606001854,2017-03-14 00:00:00,0
101.437899828,9.5,2017-03-15 00:00:00,0
105.8324997425,12.3855000436,2017-03-16 00:00:00,0
159.8566996902,29.8880000114,2017-03-17 00:00:00,0
169.0210998207,16.8990001082,2017-03-18 00:00:00,0
178.8450002074,12.2109998465,2017-03-19 00:00:00,0
54.5179000497,26.7769000232,2017-03-20 00:00:00,1
184.0118001252,85.187299639,2017-03-21 00:00:00,1
155.3901000321,72.1858997345,2017-03-22 00:00:00,1
136.0087998211,56.5020999908,2017-03-23 00:00:00,1
163.0085001886,89.2641002238,2017-03-24 00:00:00,1
206.8687004745,145.7346999347,2017-03-25 00:00:00,1
153.4270002246,100.8340001106,2017-03-26 00:00:00,1
63.7544999421,13.3033002019,2017-03-27 00:00:00,0
120.0049998462,8.0705001354,2017-03-28 00:00:00,0
95.3752994239,7.0780000389,2017-03-29 00:00:00,0
92.9046001881,5.1620000601,2017-03-30 00:00:00,0
148.2093002498,18.7269997895,2017-03-31 00:00:00,0
194.9061000347,14.8624001145,2017-04-01 00:00:00,0
171.3833997846,19.2920000553,2017-04-02 00:00:00,0
39.726100117,1.324000001,2017-04-03 00:00:00,0
131.5989998281,3.3059999943,2017-04-04 00:00:00,0
115.5608002245,5.5270000994,2017-04-05 00:00:00,0
112.9336000383,6.1599999666,2017-04-06 00:00:00,0
198.7549004257,140.6459007561,2017-04-07 00:00:00,1
163.509099707,85.7900998592,2017-04-08 00:00:00,1
166.6451999694,87.342999801,2017-04-09 00:00:00,1
65.8360000253,35.3690001071,2017-04-10 00:00:00,1
174.992400974,101.712400645,2017-04-11 00:00:00,1
198.1041001678,81.3571003377,2017-04-12 00:00:00,1
286.5997997522,129.3948001266,2017-04-13 00:00:00,1
209.7896991968,73.7587000728,2017-04-14 00:00:00,1
185.060400039,86.0303997695,2017-04-15 00:00:00,1
53.0505999625,15.7666001022,2017-04-16 00:00:00,1
63.9174000025,19.1543998718,2017-04-17 00:00:00,1
102.7048997879,42.5488996506,2017-04-18 00:00:00,1
97.2260001004,30.5290000141,2017-04-19 00:00:00,1
84.4305998087,37.2145999074,2017-04-20 00:00:00,1
150.7888997048,66.7390001267,2017-04-21 00:00:00,1
174.1918997765,75.9437997937,2017-04-22 00:00:00,1
163.078599751,64.6609998047,2017-04-23 00:00:00,1
94.1565001607,87.3275000751,2017-04-24 00:00:00,1
204.0285002142,187.9350999147,2017-04-25 00:00:00,1
68.9070999026,8.8470000923,2017-04-26 00:00:00,0
38.376700148,6.0777000785,2017-04-27 00:00:00,0
48.1269999295,3.6890000105,2017-04-28 00:00:00,0
97.9250005484,5.2340000272,2017-04-29 00:00:00,0
389.7795004249,55.4670003653,2017-04-30 00:00:00,0
148.4578997493,20.7880001664,2017-05-01 00:00:00,0
73.9405001402,8.940499872,2017-05-02 00:00:00,0
138.2189996392,12.6960000992,2017-05-03 00:00:00,0
142.3359000385,12.1021001935,2017-05-04 00:00:00,0
137.6247001439,13.0415000319,2017-05-05 00:00:00,0
207.2040003687,18.962000221,2017-05-06 00:00:00,0
149.6574005187,13.805000186,2017-05-07 00:00:00,0
77.2128001451,40.6259999275,2017-05-08 00:00:00,1
103.841699481,46.2541998029,2017-05-09 00:00:00,1
117.0580003411,48.3019997776,2017-05-10 00:00:00,1
117.9710004181,71.6670002639,2017-05-11 00:00:00,1
113.9269993305,70.034999758,2017-05-12 00:00:00,1
136.9979004264,74.8289002627,2017-05-13 00:00:00,1
101.0985003114,54.2875001878,2017-05-14 00:00:00,1
63.0789001286,26.9230000377,2017-05-15 00:00:00,1
143.4555000365,47.2415000796,2017-05-16 00:00:00,1
83.881000042,31.5419998318,2017-05-17 00:00:00,1
144.3377999663,63.8017999828,2017-05-18 00:00:00,1
134.5010998845,65.3535999656,2017-05-19 00:00:00,1
166.6969996393,64.2819997668,2017-05-20 00:00:00,1
118.1669996381,48.0819994807,2017-05-21 00:00:00,1
83.4035002589,11.1274998188,2017-05-22 00:00:00,0
111.9015995264,6.9399999082,2017-05-23 00:00:00,0
111.4095004499,6.4579998851,2017-05-24 00:00:00,0
93.931499809,7.434999913,2017-05-25 00:00:00,0
112.9989003539,4.7740000188,2017-05-26 00:00:00,0
140.5670002997,14.8170000911,2017-05-27 00:00:00,0
126.9768002629,16.4369997084,2017-05-28 00:00:00,0
50.8739998937,6.6720000505,2017-05-29 00:00:00,0
64.8071998656,2.9909999371,2017-05-30 00:00:00,0
62.5918999612,4.6050000191,2017-05-31 00:00:00,0
83.101600334,4.1229999661,2017-06-01 00:00:00,0
158.3699995875,10.4550000131,2017-06-02 00:00:00,0
144.6561006606,20.961999923,2017-06-03 00:00:00,0
78.9179004133,3.916300118,2017-06-04 00:00:00,0
66.4889999032,34.5640002191,2017-06-05 00:00:00,1
94.3009000123,55.010899812,2017-06-06 00:00:00,1
110.8420000672,47.1570001543,2017-06-07 00:00:00,1
109.2652999759,53.6512999833,2017-06-08 00:00:00,1
150.6839992404,92.2889996171,2017-06-09 00:00:00,1
437.5216987431,279.0536992103,2017-06-10 00:00:00,1
84.9246000946,50.6719999313,2017-06-11 00:00:00,1
13.5815999508,5.3755999804,2017-06-12 00:00:00,1
79.3137003034,6.7877001464,2017-06-13 00:00:00,0
112.2331999093,22.5312000066,2017-06-14 00:00:00,0
132.6548000276,10.1790000498,2017-06-15 00:00:00,0
99.7600001991,2.6639999151,2017-06-16 00:00:00,0
166.2358010411,12.7320002317,2017-06-17 00:00:00,0
95.7379999459,6.7339999676,2017-06-18 00:00:00,0
92.3750000596,56.2127998471,2017-06-19 00:00:00,1
69.7755000591,34.5984999239,2017-06-20 00:00:00,1
91.8947997987,37.3619998395,2017-06-21 00:00:00,1
105.0980002284,62.1290001273,2017-06-22 00:00:00,1
77.7032997608,51.939899832,2017-06-23 00:00:00,1
161.4839008003,96.4119004756,2017-06-24 00:00:00,1
114.4408000857,63.7368004471,2017-06-25 00:00:00,1
45.7930000424,8.8459999561,2017-06-26 00:00:00,0
116.4390994757,7.1775998473,2017-06-27 00:00:00,0
88.2706996351,13.427000016,2017-06-28 00:00:00,0
122.4095000476,13.2399998903,2017-06-29 00:00:00,0
176.8724000752,22.9983998537,2017-06-30 00:00:00,0
309.5498004854,50.2417000234,2017-07-01 00:00:00,0
197.4089004993,15.0829998255,2017-07-02 00:00:00,0
90.5959999859,45.0810000002,2017-07-03 00:00:00,1
107.2089005411,47.1160998046,2017-07-04 00:00:00,1
99.8231001049,44.8679998219,2017-07-05 00:00:00,1
103.511000365,40.1900001466,2017-07-06 00:00:00,1
152.5330003649,78.6760002524,2017-07-07 00:00:00,1
191.2211007476,114.8231004775,2017-07-08 00:00:00,1
57.7258000672,32.415800035,2017-07-09 00:00:00,1
5.636000067,2.5760000348,2017-07-10 00:00:00,1
117.2152001858,49.9380000383,2017-07-11 00:00:00,1
81.9079997838,25.4779999256,2017-07-12 00:00:00,1
79.6151998341,30.4982000887,2017-07-13 00:00:00,1
123.1484002322,73.7229999602,2017-07-14 00:00:00,1
188.2253992856,82.26039958,2017-07-15 00:00:00,1
150.6888001859,66.5846000314,2017-07-16 00:00:00,1
13.228000164,0.7030000091,2017-07-17 00:00:00,0
86.5361001492,17.7131000757,2017-07-18 00:00:00,0
101.728800267,17.1630000472,2017-07-19 00:00:00,0
138.3838996291,23.0966001749,2017-07-20 00:00:00,0
164.208799839,17.7005999684,2017-07-21 00:00:00,0
187.3614001125,165.9654001445,2017-07-22 00:00:00,1
184.0694996119,170.4046994448,2017-07-23 00:00:00,1
74.5928996801,18.7498998046,2017-07-24 00:00:00,1
128.6630994082,17.8540999591,2017-07-25 00:00:00,0
77.3400000036,6.9370000958,2017-07-26 00:00:00,0
137.7918996811,19.1247996688,2017-07-27 00:00:00,0
150.1822006702,16.1150000989,2017-07-28 00:00:00,0
261.6241003573,17.0910000205,2017-07-29 00:00:00,0
167.4752997011,14.0810002685,2017-07-30 00:00:00,0
59.8260002136,25.7320000231,2017-07-31 00:00:00,1
165.617200166,72.8929000795,2017-08-01 00:00:00,1
90.5630996376,31.563099876,2017-08-02 00:00:00,1
100.6036998183,40.0146999657,2017-08-03 00:00:00,1
152.8510002792,71.8417003155,2017-08-04 00:00:00,1
183.2017007172,86.7977001667,2017-08-05 00:00:00,1
135.8246004581,42.6106002033,2017-08-06 00:00:00,1
82.5074999034,29.6404995024,2017-08-07 00:00:00,1
129.0330000818,44.4750000834,2017-08-08 00:00:00,1
122.8014005572,56.3894001245,2017-08-09 00:00:00,1
147.9036005735,68.7505999804,2017-08-10 00:00:00,1
142.2620002627,62.8900002539,2017-08-11 00:00:00,1
205.5164996535,91.9185000509,2017-08-12 00:00:00,1
134.5040001124,68.2729996145,2017-08-13 00:00:00,1
99.8968000412,5.4493999779,2017-08-14 00:00:00,0
141.2802000642,18.4740002751,2017-08-15 00:00:00,0
123.0587007701,9.6840001941,2017-08-16 00:00:00,0
139.8261000961,10.900000006,2017-08-17 00:00:00,0
130.5923007131,10.8980000019,2017-08-18 00:00:00,0
210.5121000409,17.9166998267,2017-08-19 00:00:00,0
141.4590002298,9.5140000582,2017-08-20 00:00:00,0
71.7129998505,5.6670000553,2017-08-21 00:00:00,0
123.2894002795,22.0837003291,2017-08-22 00:00:00,0
124.1931999177,11.7182000279,2017-08-23 00:00:00,0
89.7533001602,6.7640001774,2017-08-24 00:00:00,0
124.6585999727,11.5923999548,2017-08-25 00:00:00,0
172.5216995031,14.1940000057,2017-08-26 00:00:00,0
122.4930004776,13.9190000892,2017-08-27 00:00:00,0
119.496899724,78.5429997444,2017-08-28 00:00:00,1
187.4051002562,88.5047999918,2017-08-29 00:00:00,1
172.9565999806,100.1075999439,2017-08-30 00:00:00,1
170.1319999397,106.6749997437,2017-08-31 00:00:00,1
207.1507997215,134.0627999306,2017-09-01 00:00:00,1
205.0722991377,123.5606998056,2017-09-02 00:00:00,1
156.9234000295,91.9534000456,2017-09-03 00:00:00,1
77.5581001639,17.5960999131,2017-09-04 00:00:00,0
163.9443009198,14.0133000314,2017-09-05 00:00:00,0
135.39139992,7.4000000656,2017-09-06 00:00:00,0
149.6405999959,6.4330001473,2017-09-07 00:00:00,0
172.4370005429,10.8670000732,2017-09-08 00:00:00,0
280.2446990013,13.2809998393,2017-09-09 00:00:00,0
186.5759004354,12.7820000648,2017-09-10 00:00:00,0
95.6090001762,50.2410003841,2017-09-11 00:00:00,1
168.504599601,78.7989999354,2017-09-12 00:00:00,1
113.5511991978,56.6747998893,2017-09-13 00:00:00,1
80.9745004326,43.0505002439,2017-09-14 00:00:00,1
100.7973001301,67.8122999966,2017-09-15 00:00:00,1
159.8509999365,92.6570002586,2017-09-16 00:00:00,1
153.7977999747,96.1687999517,2017-09-17 00:00:00,1
71.7604000419,21.3245999217,2017-09-18 00:00:00,1
112.106800139,18.0727999806,2017-09-19 00:00:00,0
121.0149996877,3.5239999294,2017-09-20 00:00:00,0
105.5530000627,8.9599999487,2017-09-21 00:00:00,0
139.8279989958,8.2159999013,2017-09-22 00:00:00,0
132.266000092,5.6199999452,2017-09-23 00:00:00,0
101.4983003438,6.4680000544,2017-09-24 00:00:00,0
46.7861998081,0.7220000029,2017-09-25 00:00:00,0
112.4427997917,2.2030000091,2017-09-26 00:00:00,0
99.0340996981,9.1039998531,2017-09-27 00:00:00,0
108.3475001156,7.8544001877,2017-09-28 00:00:00,0
141.8263000846,3.8059999347,2017-09-29 00:00:00,0
203.1779999733,21.3970000744,2017-09-30 00:00:00,0
173.9993007034,15.3539999425,2017-10-01 00:00:00,0
70.1609999835,31.3379998207,2017-10-02 00:00:00,1
157.2460999787,77.5210000277,2017-10-03 00:00:00,1
115.3407998979,43.0530000031,2017-10-04 00:00:00,1
233.33160007,132.4355999231,2017-10-05 00:00:00,1
183.3027997613,88.3338003755,2017-10-06 00:00:00,1
245.7748991251,140.8768993616,2017-10-07 00:00:00,1
194.2110000551,96.1780001223,2017-10-08 00:00:00,1
35.9406996965,20.5536997318,2017-10-09 00:00:00,1
92.3180002272,42.3780000806,2017-10-10 00:00:00,1
105.3150001764,50.4210000038,2017-10-11 00:00:00,1
110.7208998501,47.5888997912,2017-10-12 00:00:00,1
173.6320997477,71.785100162,2017-10-13 00:00:00,1
257.9100005031,119.7030003667,2017-10-14 00:00:00,1
175.3943996429,64.5359999537,2017-10-15 00:00:00,1
46.7219998538,1.9600000381,2017-10-16 00:00:00,0
147.7489997149,16.6759998798,2017-10-17 00:00:00,0
147.6969995499,17.8219999075,2017-10-18 00:00:00,0
136.567499876,17.3039998114,2017-10-19 00:00:00,0
170.9325999618,38.4165998101,2017-10-20 00:00:00,0
219.3700002432,34.8730004728,2017-10-21 00:00:00,0
164.2407999933,22.6660000086,2017-10-22 00:00:00,0
60.6347001493,7.3029999733,2017-10-23 00:00:00,0
116.0569995344,4.8500000238,2017-10-24 00:00:00,0
61.4339998066,9.347999841,2017-10-25 00:00:00,0
107.7303000391,8.0179999471,2017-10-26 00:00:00,0
141.79269889,82.1829992533,2017-10-27 00:00:00,1
196.453000173,102.0320002139,2017-10-28 00:00:00,1
164.2121996582,62.7572000325,2017-10-29 00:00:00,1
69.1318999529,33.3360000551,2017-10-30 00:00:00,1
157.4999003112,76.6790999174,2017-10-31 00:00:00,1
214.1020001769,123.103000164,2017-11-01 00:00:00,1
95.8870002031,47.2619997263,2017-11-02 00:00:00,1
149.1827999651,71.1042997539,2017-11-03 00:00:00,1
188.0209997892,17.8729999065,2017-11-04 00:00:00,0
160.409599334,10.2036998272,2017-11-05 00:00:00,0
38.0860001147,22.3579999804,2017-11-06 00:00:00,1
85.5536998808,45.9217000902,2017-11-07 00:00:00,1
108.7633996606,45.8849999309,2017-11-08 00:00:00,1
59.0592000484,31.5342001319,2017-11-09 00:00:00,1
130.2698999047,85.580799669,2017-11-10 00:00:00,1
206.9457003176,136.9957001209,2017-11-11 00:00:00,1
163.1190003008,72.8679998666,2017-11-12 00:00:00,1
53.3362995535,8.6022997946,2017-11-13 00:00:00,0
82.7076995969,10.6003999114,2017-11-14 00:00:00,0
119.912899971,15.2991998196,2017-11-15 00:00:00,0
69.3217999339,6.8329998851,2017-11-16 00:00:00,0
114.948299706,7.5079999566,2017-11-17 00:00:00,0
169.2779999524,12.4109999537,2017-11-18 00:00:00,0
141.2060001493,19.3650000095,2017-11-19 00:00:00,0
60.2199997306,4.7599999905,2017-11-20 00:00:00,0
111.8723992705,10.3709999919,2017-11-21 00:00:00,0
144.8354995847,14.9439999759,2017-11-22 00:00:00,0
132.0587000549,15.9810001254,2017-11-23 00:00:00,0
129.3670000732,19.0729999244,2017-11-24 00:00:00,0
238.5647002757,21.3979998827,2017-11-25 00:00:00,0
115.9370004833,12.4280000925,2017-11-26 00:00:00,0
64.7525999844,30.1170001626,2017-11-27 00:00:00,1
136.7141002715,75.0304003954,2017-11-28 00:00:00,1
159.8544997871,87.564899534,2017-11-29 00:00:00,1
140.35340029,82.5584004521,2017-11-30 00:00:00,1
203.3341994286,139.6081996858,2017-12-01 00:00:00,1
208.5630001724,130.8549997211,2017-12-02 00:00:00,1
141.4479997456,89.7159996033,2017-12-03 00:00:00,1
45.2829999328,3.8170000315,2017-12-04 00:00:00,0
100.0250002295,9.4670000076,2017-12-05 00:00:00,0
94.5220004916,13.6829999387,2017-12-06 00:00:00,0
140.1980002522,9.6109999418,2017-12-07 00:00:00,0
171.1040001512,15.8499999642,2017-12-08 00:00:00,0
151.2329999506,17.1830000281,2017-12-09 00:00:00,0
149.2400003076,5.7780001163,2017-12-10 00:00:00,0
14.0059999228,5.081999898,2017-12-11 00:00:00,1
97.6229999661,51.4999996722,2017-12-12 00:00:00,1
96.9220001996,49.4370002151,2017-12-13 00:00:00,1
130.7120003402,75.2900006473,2017-12-14 00:00:00,1
101.4049997032,65.6219996512,2017-12-15 00:00:00,1
167.062000066,107.8990000486,2017-12-16 00:00:00,1
123.7600001991,65.0689998567,2017-12-17 00:00:00,1
48.3129998446,1.5900000334,2017-12-18 00:00:00,0
134.1160003841,10.6629999876,2017-12-19 00:00:00,0
92.1860000491,9.2640000582,2017-12-20 00:00:00,0
125.8370001316,12.0739999712,2017-12-21 00:00:00,0
97.9680000246,8.3079999685,2017-12-22 00:00:00,0
140.5899999738,1.8199999928,2017-12-23 00:00:00,0
56.0469998419,2.631000042,2017-12-24 00:00:00,0
48.3129998446,1.5900000334,2017-12-25 00:00:00,0
72.2760001719,0.3639999926,2017-12-26 00:00:00,0
100.7240003049,9.2380002141,2017-12-27 00:00:00,0
146.5449997485,13.8759999275,2017-12-28 00:00:00,0
107.9790000469,4.3820000887,2017-12-29 00:00:00,0
137.0129996836,6.489000082,2017-12-30 00:00:00,0
79.6150008142,1.6629999876,2017-12-31 00:00:00,0
48.3129998446,1.5900000334,2018-01-01 00:00:00,0
125.8379998207,3.3639999628,2018-01-02 00:00:00,0
89.5200006664,1.9160000086,2018-01-03 00:00:00,0
147.4811991751,5.9009998441,2018-01-04 00:00:00,0
187.6330000609,2.0979999602,2018-01-05 00:00:00,0
156.2770003974,7.5839999914,2018-01-06 00:00:00,0
102.6139993966,0,2018-01-07 00:00:00,0
12.7730000317,8.9890000522,2018-01-08 00:00:00,1
133.7860002518,70.7620002031,2018-01-09 00:00:00,1
145.0599999726,84.8029998243,2018-01-10 00:00:00,1
107.3999997526,61.7450000793,2018-01-11 00:00:00,1
145.0579996854,80.5939996392,2018-01-12 00:00:00,1
218.584000051,130.6509994864,2018-01-13 00:00:00,1
117.0159997344,60.5669997334,2018-01-14 00:00:00,1
46.2500000745,20.474999994,2018-01-15 00:00:00,1
119.9400002956,42.6220000088,2018-01-16 00:00:00,1
124.3510003388,54.9779997468,2018-01-17 00:00:00,1
100.2070004046,44.2730001211,2018-01-18 00:00:00,1
158.1720006019,69.416000396,2018-01-19 00:00:00,1
222.6679992676,129.6099993289,2018-01-20 00:00:00,1
162.1600004137,64.7090001404,2018-01-21 00:00:00,1
68.0189996362,15.1159998775,2018-01-22 00:00:00,0
110.3739996552,5.2229999304,2018-01-23 00:00:00,0
116.368000567,5.1719999015,2018-01-24 00:00:00,0
138.4169999659,9.5449999571,2018-01-25 00:00:00,0
133.0329997838,11.5709998906,2018-01-26 00:00:00,0
160.1833999157,22.3494001031,2018-01-27 00:00:00,0
104.4390005171,9.8430000842,2018-01-28 00:00:00,0
72.2610003352,2.8090000153,2018-01-29 00:00:00,0
100.4670005739,5.7770000696,2018-01-30 00:00:00,0
91.5349999815,5.2929999828,2018-01-31 00:00:00,0
103.0969999731,21.1939999163,2018-02-01 00:00:00,0
148.4369997382,14.3009998798,2018-02-02 00:00:00,0
195.0919999778,12.368999958,2018-02-03 00:00:00,0
154.2210001647,13.3370001912,2018-02-04 00:00:00,0
67.4490002394,29.2850001454,2018-02-05 00:00:00,1
113.6410008669,50.9640003145,2018-02-06 00:00:00,1
104.5570006669,30.4930000007,2018-02-07 00:00:00,1
82.0729997456,42.9559998512,2018-02-08 00:00:00,1
118.610999912,72.8680001199,2018-02-09 00:00:00,1
177.5800003111,96.9950001538,2018-02-10 00:00:00,1
67.4759999514,27.9229999483,2018-02-11 00:00:00,1
20.3649998307,8.7049999237,2018-02-12 00:00:00,1
135.9439999163,45.9909999371,2018-02-13 00:00:00,1
129.9009997845,41.5620000064,2018-02-14 00:00:00,1
105.6670003533,38.998000145,2018-02-15 00:00:00,1
177.3660002649,87.0309998691,2018-02-16 00:00:00,1
202.8399996459,111.0599998534,2018-02-17 00:00:00,1
179.4170002341,89.252999872,2018-02-18 00:00:00,1
58.4039997756,4.5130000412,2018-02-19 00:00:00,0
140.3199997842,11.3610001206,2018-02-20 00:00:00,0
102.8970004618,16.0940001011,2018-02-21 00:00:00,0
80.5450001061,11.7919999957,2018-02-22 00:00:00,0
151.255000174,15.4950000048,2018-02-23 00:00:00,0
208.019000262,33.0609998107,2018-02-24 00:00:00,0
119.6120004952,8.2220001221,2018-02-25 00:00:00,0
61.3599999845,8.7190000415,2018-02-26 00:00:00,0
110.8839997351,9.260999918,2018-02-27 00:00:00,0
110.2729996443,20.8649998307,2018-02-28 00:00:00,0
100.6856999993,20.6946999729,2018-03-01 00:00:00,0
115.8740002513,15.9339999557,2018-03-02 00:00:00,0
218.9630002379,35.4189998508,2018-03-03 00:00:00,0
143.0999994278,21.9589998722,2018-03-04 00:00:00,0
74.5510005355,44.3480000794,2018-03-05 00:00:00,1
141.4859994352,73.140999645,2018-03-06 00:00:00,1
115.9210002422,66.484000206,2018-03-07 00:00:00,1
140.5619994402,75.4499998093,2018-03-08 00:00:00,1
175.4869985878,106.5159991384,2018-03-09 00:00:00,1
241.1719996035,169.8399998546,2018-03-10 00:00:00,1
143.3409999311,85.8030000329,2018-03-11 00:00:00,1
62.7933004797,5.4653000236,2018-03-12 00:00:00,0
141.6560002565,11.1940001547,2018-03-13 00:00:00,0
75.5320003331,17.6970001757,2018-03-14 00:00:00,0
111.1950002909,18.063000083,2018-03-15 00:00:00,0
174.3120007515,17.875,2018-03-16 00:00:00,0
208.8420004491,31.6469995975,2018-03-17 00:00:00,0
106.1439996213,8.0939998925,2018-03-18 00:00:00,0
107.5869993269,61.4259993732,2018-03-19 00:00:00,1
133.9120001197,73.384000212,2018-03-20 00:00:00,1
98.2939999998,58.9780004323,2018-03-21 00:00:00,1
89.3570001721,41.863999933,2018-03-22 00:00:00,1
127.8466006815,87.7486005425,2018-03-23 00:00:00,1
169.4290004969,102.8040000647,2018-03-24 00:00:00,1
145.238000989,102.1070011854,2018-03-25 00:00:00,1
58.3499999493,9.6449999809,2018-03-26 00:00:00,0
126.8029998839,9.4499998093,2018-03-27 00:00:00,0
116.0910001099,7.7659999728,2018-03-28 00:00:00,0
224.9125988185,24.879999876,2018-03-29 00:00:00,0
299.3800002933,24.6960002184,2018-03-30 00:00:00,0
148.2309994698,20.9700000584,2018-03-31 00:00:00,0
49.027000159,7.6230000257,2018-04-01 00:00:00,0
128.3290002048,12.5410001278,2018-04-02 00:00:00,0
174.818000108,8.3630000651,2018-04-03 00:00:00,0
261.2399991155,34.2689999342,2018-04-04 00:00:00,0
251.6640000641,22.8359998763,2018-04-05 00:00:00,0
144.4059996605,9.1909998953,2018-04-06 00:00:00,0
156.5680003464,16.9550001025,2018-04-07 00:00:00,0
147.7099000514,8.5290001035,2018-04-08 00:00:00,0
65.8100001216,50.6990000606,2018-04-09 00:00:00,1
135.6000002623,72.2080002129,2018-04-10 00:00:00,1
155.7580001354,81.2920003235,2018-04-11 00:00:00,1
115.7630001307,51.7619998455,2018-04-12 00:00:00,1
172.5727998614,94.7327997386,2018-04-13 00:00:00,1
225.360000059,139.8639999628,2018-04-14 00:00:00,1
137.5319999158,78.5820001662,2018-04-15 00:00:00,1
50.1679998338,23.3749999106,2018-04-16 00:00:00,1
140.4749998152,41.260999769,2018-04-17 00:00:00,1
116.7219994664,50.8979998231,2018-04-18 00:00:00,1
140.0509997606,70.4439997375,2018-04-19 00:00:00,1
141.154499948,57.9869997501,2018-04-20 00:00:00,1
196.4819997847,94.8790000379,2018-04-21 00:00:00,1
167.6418003142,101.8170006275,2018-04-22 00:00:00,1
49.9319998026,5.3126998544,2018-04-23 00:00:00,0
121.4279996604,9.4800000191,2018-04-24 00:00:00,0
104.7890000045,5.810000062,2018-04-25 00:00:00,0
91.4890000075,8.0320000052,2018-04-26 00:00:00,0
114.1668005139,10.1800000668,2018-04-27 00:00:00,0
168.9669995606,14.6930001974,2018-04-28 00:00:00,0
114.3729999661,5.4000000358,2018-04-29 00:00:00,0
81.7229995728,7.5529998541,2018-04-30 00:00:00,0
173.9519997537,23.494999826,2018-05-01 00:00:00,0
118.2449993491,6.8120000362,2018-05-02 00:00:00,0
90.7309998423,2.7459999919,2018-05-03 00:00:00,0
143.7815007716,6.0560000241,2018-05-04 00:00:00,0
234.3130002916,16.0730000138,2018-05-05 00:00:00,0
122.2400002182,3.94599998,2018-05-06 00:00:00,0
75.7229999304,39.0210000873,2018-05-07 00:00:00,1
161.661000222,80.277000308,2018-05-08 00:00:00,1
102.6400009394,47.6190003455,2018-05-09 00:00:00,1
97.1610006392,51.3380004466,2018-05-10 00:00:00,1
148.1876001358,77.0466000438,2018-05-11 00:00:00,1
180.7789994776,94.3699998856,2018-05-12 00:00:00,1
202.3339993656,107.5829992592,2018-05-13 00:00:00,1
72.5650001764,17.3860001564,2018-05-14 00:00:00,0
126.1229993999,42.8969997764,2018-05-15 00:00:00,1
127.0780000687,49.0359999835,2018-05-16 00:00:00,1
134.8679997027,58.3029999137,2018-05-17 00:00:00,1
199.315000236,92.3260000646,2018-05-18 00:00:00,1
212.9520004392,82.3320003152,2018-05-19 00:00:00,1
186.5690006167,83.9900006056,2018-05-20 00:00:00,1
36.0830000043,1.7689999938,2018-05-21 00:00:00,0
104.6180000603,5.319999963,2018-05-22 00:00:00,0
112.0529997796,12.9429998249,2018-05-23 00:00:00,0
108.5460004807,3.1350000203,2018-05-24 00:00:00,0
129.0940003395,8.8570000231,2018-05-25 00:00:00,0
232.2607998848,6.5739998817,2018-05-26 00:00:00,0
135.4239997566,1.7210000157,2018-05-27 00:00:00,0
33.0490002632,2.3309999704,2018-05-28 00:00:00,0
101.0280003995,3.4950000048,2018-05-29 00:00:00,0
125.6169997454,7.5249999166,2018-05-30 00:00:00,0
204.1270005852,8.3500000238,2018-05-31 00:00:00,0
125.345999971,6.6020001173,2018-06-01 00:00:00,0
207.9783994555,17.1829999089,2018-06-02 00:00:00,0
177.6830003262,10.8250001073,2018-06-03 00:00:00,0
131.4229993224,86.6899995208,2018-06-04 00:00:00,1
145.9890005887,72.7690001726,2018-06-05 00:00:00,1
100.8640001267,54.1609997749,2018-06-06 00:00:00,1
57.8610002548,23.5580002069,2018-06-07 00:00:00,1
153.8900000751,94.6449997723,2018-06-08 00:00:00,1
214.9749998003,144.9959997833,2018-06-09 00:00:00,1
127.5130001009,80.2689998448,2018-06-10 00:00:00,1
63.9420000613,3.2180000544,2018-06-11 00:00:00,0
104.0210001171,15.2449999154,2018-06-12 00:00:00,0
119.8220004588,14.1699998677,2018-06-13 00:00:00,0
93.1976993978,8.3169999421,2018-06-14 00:00:00,0
127.1884000599,7.807000041,2018-06-15 00:00:00,0
151.9810006619,12.4620001912,2018-06-16 00:00:00,0
158.2389999628,3.6560000777,2018-06-17 00:00:00,0
64.9359998703,26.7599999011,2018-06-18 00:00:00,1
114.3709994853,48.8429996967,2018-06-19 00:00:00,1
102.8840003014,46.8730000854,2018-06-20 00:00:00,1
130.0329996943,68.0030000806,2018-06-21 00:00:00,1
189.9609998763,120.1719999313,2018-06-22 00:00:00,1
266.8299996257,165.6369998455,2018-06-23 00:00:00,1
205.280000627,117.7069999278,2018-06-24 00:00:00,1
86.313000083,0,2018-06-25 00:00:00,0
141.4830002189,3.0400000811,2018-06-26 00:00:00,0
142.1969991028,12.5299999118,2018-06-27 00:00:00,0
126.7669998705,6.4760000706,2018-06-28 00:00:00,0
177.6090002358,6.8299999833,2018-06-29 00:00:00,0
189.6130005121,6.3409998417,2018-06-30 00:00:00,0
176.0750003159,8.6749998331,2018-07-01 00:00:00,0
37.6659997702,16.9919997752,2018-07-02 00:00:00,1
140.2899998128,69.9539999366,2018-07-03 00:00:00,1
137.6370014101,68.3710005581,2018-07-04 00:00:00,1
136.0009996593,66.6739999056,2018-07-05 00:00:00,1
172.246999532,100.6959994733,2018-07-06 00:00:00,1
217.5429996252,118.4499996901,2018-07-07 00:00:00,1
167.3820000291,75.5959999263,2018-07-08 00:00:00,1
77.171999976,35.9509999752,2018-07-09 00:00:00,1
168.7949998677,65.8949993849,2018-07-10 00:00:00,1
143.2249995023,64.8279999346,2018-07-11 00:00:00,1
101.5291998386,49.2010000348,2018-07-12 00:00:00,1
166.1080001146,78.1999997944,2018-07-13 00:00:00,1
226.5310001075,97.2910000682,2018-07-14 00:00:00,1
197.4120004177,88.6820000112,2018-07-15 00:00:00,1
98.6119996011,15.2269999385,2018-07-16 00:00:00,0
121.5330000371,18.7969998419,2018-07-17 00:00:00,0
122.067999512,6.1179999113,2018-07-18 00:00:00,0
145.7920004725,22.2030001283,2018-07-19 00:00:00,0
142.0439996719,18.4789999723,2018-07-20 00:00:00,0
235.6813999712,26.4029999971,2018-07-21 00:00:00,0
203.8629991412,18.3510000706,2018-07-22 00:00:00,0
76.5849999785,10.6050000787,2018-07-23 00:00:00,0
136.2760001719,11.9130000472,2018-07-24 00:00:00,0
111.9400001466,12.5400000215,2018-07-25 00:00:00,0
131.4890000224,16.0849999189,2018-07-26 00:00:00,0
131.7969996929,15.235999763,2018-07-27 00:00:00,0
226.4540002793,30.3750001192,2018-07-28 00:00:00,0
171.7169003487,13.8560000658,2018-07-29 00:00:00,0
103.7879998386,42.6460000873,2018-07-30 00:00:00,1
191.2310000956,95.7700003386,2018-07-31 00:00:00,1
133.9805996418,67.0165995955,2018-08-01 00:00:00,1
170.4720004797,85.919000268,2018-08-02 00:00:00,1
191.2380005121,81.495000124,2018-08-03 00:00:00,1
231.3079997599,114.6669995487,2018-08-04 00:00:00,1
186.2459991276,64.0110000372,2018-08-05 00:00:00,1
85.8490001261,31.8640002012,2018-08-06 00:00:00,1
150.1969998926,58.3370001614,2018-08-07 00:00:00,1
150.1599996984,38.4640001953,2018-08-08 00:00:00,1
146.4459990859,49.2879995704,2018-08-09 00:00:00,1
144.644000411,59.8470003307,2018-08-10 00:00:00,1
184.7459994555,72.1389998496,2018-08-11 00:00:00,1
188.3259992599,73.8399993777,2018-08-12 00:00:00,1
91.8209993541,5.2699999213,2018-08-13 00:00:00,0
144.6940002143,15.6939997971,2018-08-14 00:00:00,0
155.4939996004,24.8349999189,2018-08-15 00:00:00,0
130.4660003781,12.7140001357,2018-08-16 00:00:00,0
150.4799998999,12.5490000248,2018-08-17 00:00:00,0
186.4170001447,14.9660000503,2018-08-18 00:00:00,0
182.5880001783,7.8849999011,2018-08-19 00:00:00,0
88.5469995141,4.5799998939,2018-08-20 00:00:00,0
173.5029996634,13.6640001237,2018-08-21 00:00:00,0
153.3850000799,18.1309999824,2018-08-22 00:00:00,0
142.9910001755,12.8330001235,2018-08-23 00:00:00,0
153.9030007124,11.8940001726,2018-08-24 00:00:00,0
159.2959994674,18.9860000014,2018-08-25 00:00:00,0
145.8580003083,4.5989999771,2018-08-26 00:00:00,0
119.3310005665,60.0780006945,2018-08-27 00:00:00,1
201.827999711,107.6479997635,2018-08-28 00:00:00,1
170.3089992106,76.102999866,2018-08-29 00:00:00,1
194.5729999244,85.194999963,2018-08-30 00:00:00,1
227.3740006983,155.6630003452,2018-08-31 00:00:00,1
295.5549991131,188.4099992216,2018-09-01 00:00:00,1
225.6749988198,137.8419992328,2018-09-02 00:00:00,1
101.2479996681,11.6070000529,2018-09-03 00:00:00,0
134.655000031,15.0339999497,2018-09-04 00:00:00,0
112.4430003762,4.7569999695,2018-09-05 00:00:00,0
115.0289998353,9.9559999406,2018-09-06 00:00:00,0
190.2639999986,14.8499997854,2018-09-07 00:00:00,0
232.8027005494,25.7336999178,2018-09-08 00:00:00,0
203.0689998567,16.069999963,2018-09-09 00:00:00,0
117.7510001957,61.0370001197,2018-09-10 00:00:00,1
177.0640001744,91.7490002662,2018-09-11 00:00:00,1
138.5909998715,64.232999742,2018-09-12 00:00:00,1
138.0699996352,72.8739996552,2018-09-13 00:00:00,1
134.5471998453,74.8410002291,2018-09-14 00:00:00,1
174.1570003033,101.4470003843,2018-09-15 00:00:00,1
222.3057996929,116.8827997744,2018-09-16 00:00:00,1
70.7599999309,2.3339999914,2018-09-17 00:00:00,0
106.5489998162,7.9179998636,2018-09-18 00:00:00,0
140.8480000794,9.6240000427,2018-09-19 00:00:00,0
123.3709996641,5.5779999495,2018-09-20 00:00:00,0
153.4440003037,5.1559999287,2018-09-21 00:00:00,0
306.0499995947,15.4529998899,2018-09-22 00:00:00,0
184.9880001396,7.5770000219,2018-09-23 00:00:00,0
71.0067997277,8.8059999943,2018-09-24 00:00:00,0
126.0280000567,17.7809998989,2018-09-25 00:00:00,0
112.4619996846,5.5260000229,2018-09-26 00:00:00,0
96.4810003638,2.3600000739,2018-09-27 00:00:00,0
145.313000232,10.0280001462,2018-09-28 00:00:00,0
199.2830001265,8.8150000125,2018-09-29 00:00:00,0
170.0700004399,15.5040000379,2018-09-30 00:00:00,0
92.3219994307,52.6319993138,2018-10-01 00:00:00,1
134.7829998732,59.7580001652,2018-10-02 00:00:00,1
126.8612000942,61.671200484,2018-10-03 00:00:00,1
174.2299996316,85.9370001554,2018-10-04 00:00:00,1
226.5090000629,133.8530000746,2018-10-05 00:00:00,1
238.2149994671,135.6209999919,2018-10-06 00:00:00,1
176.5799999833,79.656999886,2018-10-07 00:00:00,1
89.6820001602,39.1750001311,2018-10-08 00:00:00,1
105.6331999898,40.5242001712,2018-10-09 00:00:00,1
161.5819994509,66.9009995759,2018-10-10 00:00:00,1
144.2200000584,60.3470001519,2018-10-11 00:00:00,1
127.0362997651,64.1183001697,2018-10-12 00:00:00,1
181.0760002732,105.1540001929,2018-10-13 00:00:00,1
156.4820003212,83.6170006394,2018-10-14 00:00:00,1
84.6999996305,7.3389999866,2018-10-15 00:00:00,0
139.9020004123,20.8920000494,2018-10-16 00:00:00,0
100.939999938,12.8730000854,2018-10-17 00:00:00,0
102.4109995663,6.4779999256,2018-10-18 00:00:00,0
169.0609996617,19.4429998994,2018-10-19 00:00:00,0
200.3979994655,19.771999836,2018-10-20 00:00:00,0
155.3540004045,20.0099999905,2018-10-21 00:00:00,0
83.271000132,2.3700000197,2018-10-22 00:00:00,0
113.9340004921,6.3470001221,2018-10-23 00:00:00,0
71.2060002685,7.2329998016,2018-10-24 00:00:00,0
109.1579995751,9.9309999645,2018-10-25 00:00:00,0
169.9630000889,95.8250000477,2018-10-26 00:00:00,1
171.1729999483,83.4929998517,2018-10-27 00:00:00,1
123.9640002251,71.4750000238,2018-10-28 00:00:00,1
83.1420000792,33.7190003097,2018-10-29 00:00:00,1
99.5619996488,39.2809998095,2018-10-30 00:00:00,1
120.5679992735,72.8029995263,2018-10-31 00:00:00,1
214.8500000834,113.8709999323,2018-11-01 00:00:00,1
159.4870000482,69.1929996908,2018-11-02 00:00:00,1
172.2929995954,5.6229999065,2018-11-03 00:00:00,0
142.529999733,2.3839999437,2018-11-04 00:00:00,0
65.63400051,33.4260001779,2018-11-05 00:00:00,1
165.3990004659,61.5609998703,2018-11-06 00:00:00,1
91.4549999237,32.8660000861,2018-11-07 00:00:00,1
96.057000488,48.4590002894,2018-11-08 00:00:00,1
181.0129998773,112.8829994649,2018-11-09 00:00:00,1
176.3030002415,105.826000303,2018-11-10 00:00:00,1
113.3230000734,69.8869997859,2018-11-11 00:00:00,1
79.5559999049,4.7329999208,2018-11-12 00:00:00,0
116.1669994444,10.7759999931,2018-11-13 00:00:00,0
109.9900002778,14.4779999852,2018-11-14 00:00:00,0
102.1599999666,5.9220000505,2018-11-15 00:00:00,0
113.5020006299,5.0100001097,2018-11-16 00:00:00,0
222.8389998227,24.0929997861,2018-11-17 00:00:00,0
121.2649996281,17.9300000072,2018-11-18 00:00:00,0
45.5700003207,1.4650000334,2018-11-19 00:00:00,0
84.3109995872,5.4880000651,2018-11-20 00:00:00,0
86.7300007492,3.4680000246,2018-11-21 00:00:00,0
97.1399996728,9.9669998288,2018-11-22 00:00:00,0
124.0999999046,69.3079997599,2018-11-23 00:00:00,1
176.4953994304,93.4409999102,2018-11-24 00:00:00,1
93.7340000868,40.9619998038,2018-11-25 00:00:00,1
35.9389999509,17.1849998534,2018-11-26 00:00:00,1
111.2409996986,42.7119998038,2018-11-27 00:00:00,1
93.4269999564,45.3409999013,2018-11-28 00:00:00,1
74.2659997642,36.1969998777,2018-11-29 00:00:00,1
94.5479998887,61.1109998822,2018-11-30 00:00:00,1
155.498999998,76.21699965,2018-12-01 00:00:00,1
122.1306997836,60.6839996278,2018-12-02 00:00:00,1
48.1479998827,8.44599998,2018-12-03 00:00:00,0
108.2030000985,16.175999999,2018-12-04 00:00:00,0
85.9470002353,6.8260000348,2018-12-05 00:00:00,0
75.2070002556,14.6280001402,2018-12-06 00:00:00,0
103.8979997635,8.9379998446,2018-12-07 00:00:00,0
150.3265999854,14.4360000789,2018-12-08 00:00:00,0
144.8620005101,14.5000000596,2018-12-09 00:00:00,0
72.3149998784,36.3149998784,2018-12-10 00:00:00,1
99.9389997125,62.7369998395,2018-12-11 00:00:00,1
94.7869999409,59.4779999852,2018-12-12 00:00:00,1
108.4799996316,69.39899984,2018-12-13 00:00:00,1
157.7159993351,99.2799995542,2018-12-14 00:00:00,1
134.6569999754,96.4030000567,2018-12-15 00:00:00,1
112.2299999595,73.1829994917,2018-12-16 00:00:00,1
33.2260002196,0,2018-12-17 00:00:00,0
101.8480001688,7.1409998536,2018-12-18 00:00:00,0
117.9900001884,8.4640000463,2018-12-19 00:00:00,0
116.8449998796,3.4679999948,2018-12-20 00:00:00,0
98.520999819,9.2740000486,2018-12-21 00:00:00,0
116.028999418,5.5439999104,2018-12-22 00:00:00,0
71.8925001621,0,2018-12-23 00:00:00,0
29.0400002897,2.5220000744,2018-12-24 00:00:00,0
101.8480001688,7.1409998536,2018-12-25 00:00:00,0
74.4070003629,3.148999989,2018-12-26 00:00:00,0
131.596000433,9.8220000565,2018-12-27 00:00:00,0
119.1320001185,7.3199999332,2018-12-28 00:00:00,0
110.0580004901,14.1990000904,2018-12-29 00:00:00,0
86.0290001333,6.8740001619,2018-12-30 00:00:00,0
58.5779997259,0,2018-12-31 00:00:00,0
101.8480001688,7.1409998536,2019-01-01 00:00:00,0
112.6140005291,4.8150000572,2019-01-02 00:00:00,0
142.7749997675,5.405000031,2019-01-03 00:00:00,0
169.5000002682,10.2099998891,2019-01-04 00:00:00,0
165.9610004425,5.4909998775,2019-01-05 00:00:00,0
143.3010007441,5.1030000448,2019-01-06 00:00:00,0
72.6229999065,38.5759997964,2019-01-07 00:00:00,1
160.4290009439,70.2539999783,2019-01-08 00:00:00,1
161.5779999793,88.3169997931,2019-01-09 00:00:00,1
139.8669991791,84.6639993191,2019-01-10 00:00:00,1
143.1830001771,72.3769997358,2019-01-11 00:00:00,1
196.0320004821,122.6650006175,2019-01-12 00:00:00,1
136.3549998403,62.638000071,2019-01-13 00:00:00,1
62.83100003,20.3780001998,2019-01-14 00:00:00,1
103.9630002826,38.6060001552,2019-01-15 00:00:00,1
92.3970001042,40.6910001338,2019-01-16 00:00:00,1
95.3439997435,31.7859997749,2019-01-17 00:00:00,1
153.6750000417,79.7609999776,2019-01-18 00:00:00,1
161.0369997025,82.2499994636,2019-01-19 00:00:00,1
132.5889998674,78.3709999621,2019-01-20 00:00:00,1
54.4149998128,12.7770001292,2019-01-21 00:00:00,0
90.0129998624,9.8879998624,2019-01-22 00:00:00,0
96.3529998362,11.3830000162,2019-01-23 00:00:00,0
86.5619997978,9.0879999697,2019-01-24 00:00:00,0
130.8499999642,25.3239999712,2019-01-25 00:00:00,0
207.546000421,21.7049998939,2019-01-26 00:00:00,0
121.4739993513,5.2870000303,2019-01-27 00:00:00,0
68.2089998424,12.0309998393,2019-01-28 00:00:00,0
104.6079997718,8.2840000093,2019-01-29 00:00:00,0
100.2265992165,14.418599844,2019-01-30 00:00:00,0
129.4069999456,16.4959998727,2019-01-31 00:00:00,0
143.2730000615,18.5320002437,2019-02-01 00:00:00,0
193.8154995143,19.4000000656,2019-02-02 00:00:00,0
151.9679996669,11.8980000019,2019-02-03 00:00:00,0
72.6089996397,45.9079995751,2019-02-04 00:00:00,1
144.9409999251,44.1279999316,2019-02-05 00:00:00,1
96.2109995186,48.0510000587,2019-02-06 00:00:00,1
94.4930002987,51.345000118,2019-02-07 00:00:00,1
147.5900002718,87.8660000563,2019-02-08 00:00:00,1
169.9276998937,103.3330000043,2019-02-09 00:00:00,1
120.1229999363,62.1689999402,2019-02-10 00:00:00,1
69.2720000148,26.8069999218,2019-02-11 00:00:00,1
118.2909996063,42.042999804,2019-02-12 00:00:00,1
96.6139997244,44.3409999311,2019-02-13 00:00:00,1
77.8430000544,31.2220000029,2019-02-14 00:00:00,1
170.7939007729,77.1139000058,2019-02-15 00:00:00,1
197.383800298,96.9600000381,2019-02-16 00:00:00,1
191.3360008597,104.3880004883,2019-02-17 00:00:00,1
63.0179997236,14.7159999013,2019-02-18 00:00:00,0
94.348000437,10.2140002251,2019-02-19 00:00:00,0
78.3630002737,1.9880000353,2019-02-20 00:00:00,0
101.061899811,12.7299997211,2019-02-21 00:00:00,0
183.3849999905,28.0530000329,2019-02-22 00:00:00,0
248.0009998381,34.7849998474,2019-02-23 00:00:00,0
180.0150001794,17.6559999436,2019-02-24 00:00:00,0
44.4880001843,2.7460000515,2019-02-25 00:00:00,0
87.3639995903,15.3859999627,2019-02-26 00:00:00,0
95.7020000815,14.9149999917,2019-02-27 00:00:00,0
87.9730001539,7.2889999151,2019-02-28 00:00:00,0
157.9040004611,84.8560002446,2019-03-01 00:00:00,1
198.6089998782,111.40500018,2019-03-02 00:00:00,1
164.7779999971,86.4660002887,2019-03-03 00:00:00,1
102.2300001979,54.7689999342,2019-03-04 00:00:00,1
107.9579996318,55.2559996247,2019-03-05 00:00:00,1
76.7259999812,37.0530002117,2019-03-06 00:00:00,1
86.0799997747,57.5899999142,2019-03-07 00:00:00,1
153.2935997844,69.1929999292,2019-03-08 00:00:00,1
234.7850004137,113.474999994,2019-03-09 00:00:00,1
211.897000283,111.8870002925,2019-03-10 00:00:00,1
33.9089998603,6.0240000486,2019-03-11 00:00:00,0
107.7250001132,13.5400000811,2019-03-12 00:00:00,0
122.8749995828,20.2619998753,2019-03-13 00:00:00,0
68.4490000159,2.8600000143,2019-03-14 00:00:00,0
166.0079996288,9.5699999332,2019-03-15 00:00:00,0
283.7079997361,39.3540000319,2019-03-16 00:00:00,0
201.0420002341,21.2839999199,2019-03-17 00:00:00,0
59.7250001729,30.0240001678,2019-03-18 00:00:00,1
95.6150002927,50.9490001798,2019-03-19 00:00:00,1
135.802000314,71.8639999628,2019-03-20 00:00:00,1
98.940000087,50.9630000889,2019-03-21 00:00:00,1
161.5346995583,99.109699755,2019-03-22 00:00:00,1
218.6049994826,144.7699993253,2019-03-23 00:00:00,1
148.739000231,99.0280002654,2019-03-24 00:00:00,1
47.9220002592,3.47299999,2019-03-25 00:00:00,0
130.1550005227,14.5820001364,2019-03-26 00:00:00,0
103.1650002003,5.1880000234,2019-03-27 00:00:00,0
99.0660001785,17.6229999065,2019-03-28 00:00:00,0
136.7989986241,20.9429996908,2019-03-29 00:00:00,0
150.9459999204,12.9879999161,2019-03-30 00:00:00,0
166.3309993297,13.2609997988,2019-03-31 00:00:00,0
58.1100004315,1.074000001,2019-04-01 00:00:00,0
196.5029998422,47.4730004668,2019-04-02 00:00:00,0
82.4099996984,7.8110000491,2019-04-03 00:00:00,0
94.8129997551,6.2309999466,2019-04-04 00:00:00,0
106.3350002468,6.2700000703,2019-04-05 00:00:00,0
150.066499427,21.8459999263,2019-04-06 00:00:00,0
113.0559993684,17.3449999094,2019-04-07 00:00:00,0
95.3780002296,60.7540000975,2019-04-08 00:00:00,1
208.6049990654,92.3049994111,2019-04-09 00:00:00,1
111.7340000272,60.8480000198,2019-04-10 00:00:00,1
103.6187998652,52.4477997422,2019-04-11 00:00:00,1
139.9740005136,62.3710000813,2019-04-12 00:00:00,1
213.6960006952,139.5140003562,2019-04-13 00:00:00,1
101.9149998724,49.9799998105,2019-04-14 00:00:00,1
66.2530001998,38.41899997,2019-04-15 00:00:00,1
144.7449999452,61.7299998403,2019-04-16 00:00:00,1
87.8139998019,29.650000006,2019-04-17 00:00:00,1
194.2169997096,73.0739997327,2019-04-18 00:00:00,1
271.3609989882,87.3339996636,2019-04-19 00:00:00,1
116.9010007679,50.1530002952,2019-04-20 00:00:00,1
29.0960003734,8.9399999976,2019-04-21 00:00:00,1
52.0209999979,6.5239999294,2019-04-22 00:00:00,0
67.3140003085,5.9160000086,2019-04-23 00:00:00,0
91.6850002557,15.1940001249,2019-04-24 00:00:00,0
144.4110003412,20.6400000453,2019-04-25 00:00:00,0
113.109000206,16.5580000877,2019-04-26 00:00:00,0
181.5879994184,25.7319998145,2019-04-27 00:00:00,0
121.7889994681,13.9949998856,2019-04-28 00:00:00,0
62.6020000875,3.9090000391,2019-04-29 00:00:00,0
140.5070007145,20.4140001237,2019-04-30 00:00:00,0
393.6939997971,71.6649996638,2019-05-01 00:00:00,0
84.451000303,12.4459999502,2019-05-02 00:00:00,0
145.7984997928,26.7989997864,2019-05-03 00:00:00,0
193.9570000172,19.8120000958,2019-05-04 00:00:00,0
102.7550002635,9.246999979,2019-05-05 00:00:00,0
80.0240002275,41.0580000877,2019-05-06 00:00:00,1
148.4250006378,53.5419999063,2019-05-07 00:00:00,1
105.3740004897,54.6190001071,2019-05-08 00:00:00,1
100.1580002606,47.4280003607,2019-05-09 00:00:00,1
167.5279992521,79.9059995711,2019-05-10 00:00:00,1
211.7340007126,116.2690006495,2019-05-11 00:00:00,1
158.800999701,87.1369997561,2019-05-12 00:00:00,1
57.118999809,30.4389997423,2019-05-13 00:00:00,1
117.1539999843,43.1469999254,2019-05-14 00:00:00,1
132.1749998033,50.0679998249,2019-05-15 00:00:00,1
97.2309992611,39.107999891,2019-05-16 00:00:00,1
120.7420002222,63.7639999986,2019-05-17 00:00:00,1
128.1969996691,76.9529997706,2019-05-18 00:00:00,1
137.5259995162,65.7099997699,2019-05-19 00:00:00,1
45.33100003,10.7680001259,2019-05-20 00:00:00,0
109.56799981,10.4909999073,2019-05-21 00:00:00,0
89.7629999816,6.2539999485,2019-05-22 00:00:00,0
87.2119998634,9.7780000567,2019-05-23 00:00:00,0
132.5190003812,8.3079999685,2019-05-24 00:00:00,0
235.4379996359,18.4200001359,2019-05-25 00:00:00,0
183.9990003407,24.9280001819,2019-05-26 00:00:00,0
72.0789999664,1.6599999666,2019-05-27 00:00:00,0
178.2350001037,28.6479997635,2019-05-28 00:00:00,0
74.0950002074,4.030000031,2019-05-29 00:00:00,0
94.5470007658,14.5010002553,2019-05-30 00:00:00,0
142.3780001402,12.0820000172,2019-05-31 00:00:00,0
176.6269996762,26.8460000157,2019-06-01 00:00:00,0
203.129998982,15.0410001278,2019-06-02 00:00:00,0
70.5079999566,32.9600001872,2019-06-03 00:00:00,1
87.5640002489,38.6540001631,2019-06-04 00:00:00,1
105.1629999876,68.6000000238,2019-06-05 00:00:00,1
83.3779995739,43.9679998159,2019-06-06 00:00:00,1
105.5670000613,65.8530004025,2019-06-07 00:00:00,1
182.8979993165,128.5199994147,2019-06-08 00:00:00,1
157.4089994431,92.4239998758,2019-06-09 00:00:00,1
117.574000299,10.7520001233,2019-06-10 00:00:00,0
107.8689994812,8.3650000095,2019-06-11 00:00:00,0
91.3110000193,9.1069998741,2019-06-12 00:00:00,0
103.802000016,10.990999952,2019-06-13 00:00:00,0
117.3639997095,11.6110000014,2019-06-14 00:00:00,0
193.2269998044,18.8650001884,2019-06-15 00:00:00,0
131.4569999278,21.3909997642,2019-06-16 00:00:00,0
55.5520001054,21.4819999635,2019-06-17 00:00:00,1
82.7660003006,39.6280002296,2019-06-18 00:00:00,1
156.4710003138,79.604000479,2019-06-19 00:00:00,1
158.2480006069,90.0720002949,2019-06-20 00:00:00,1
150.3030003607,92.2930000126,2019-06-21 00:00:00,1
158.340999797,102.5960000604,2019-06-22 00:00:00,1
172.2790001631,108.2869998813,2019-06-23 00:00:00,1
48.0919996202,5.4039999247,2019-06-24 00:00:00,0
75.5310000032,5.8929999471,2019-06-25 00:00:00,0
60.5760000795,5.8899999857,2019-06-26 00:00:00,0
77.6320002675,4.312000066,2019-06-27 00:00:00,0
109.1160000861,10.6940000057,2019-06-28 00:00:00,0
189.1759996712,24.1380002797,2019-06-29 00:00:00,0
118.2529999912,19.1190001369,2019-06-30 00:00:00,0
71.4480001032,28.6000000238,2019-07-01 00:00:00,1
135.0010001659,60.7040005028,2019-07-02 00:00:00,1
104.9479997158,50.8119998276,2019-07-03 00:00:00,1
98.8510001898,30.0319999158,2019-07-04 00:00:00,1
126.844999373,50.7559999228,2019-07-05 00:00:00,1
193.0879999399,108.157000035,2019-07-06 00:00:00,1
180.0610002875,95.1479998231,2019-07-07 00:00:00,1
73.4160001874,29.0789999664,2019-07-08 00:00:00,1
99.4819998443,45.1110000908,2019-07-09 00:00:00,1
88.3940003365,44.2160000801,2019-07-10 00:00:00,1
107.0439996719,37.1699996591,2019-07-11 00:00:00,1
174.0589992702,73.4939998984,2019-07-12 00:00:00,1
213.174999088,86.031999737,2019-07-13 00:00:00,1
196.0099999309,86.0079999864,2019-07-14 00:00:00,1
90.0090000629,20.3329999447,2019-07-15 00:00:00,0
137.5639998615,22.7719995677,2019-07-16 00:00:00,0
97.930999428,14.0290000141,2019-07-17 00:00:00,0
86.5570002198,13.3960001171,2019-07-18 00:00:00,0
125.9620001316,18.2430000305,2019-07-19 00:00:00,0
174.5679991245,25.2049998045,2019-07-20 00:00:00,0
161.0939998329,24.5300002694,2019-07-21 00:00:00,0
61.6920002103,5.5839999914,2019-07-22 00:00:00,0
133.3880004883,21.4540000558,2019-07-23 00:00:00,0
132.4200006127,12.851000011,2019-07-24 00:00:00,0
104.2470005453,5.2649999857,2019-07-25 00:00:00,0
131.0959992111,13.5449999571,2019-07-26 00:00:00,0
152.2489995956,16.8079997599,2019-07-27 00:00:00,0
118.6789994836,7.7579998374,2019-07-28 00:00:00,0
79.4670002162,38.2020002007,2019-07-29 00:00:00,1
139.9989998937,35.8090001047,2019-07-30 00:00:00,1
128.4490004182,55.462000519,2019-07-31 00:00:00,1
104.1959999204,44.4479998648,2019-08-01 00:00:00,1
145.346999377,74.7170000076,2019-08-02 00:00:00,1
156.843000263,88.5340003371,2019-08-03 00:00:00,1
122.7770005465,51.2280002236,2019-08-04 00:00:00,1
95.4870004654,30.1810001135,2019-08-05 00:00:00,1
135.7839993835,38.0289998949,2019-08-06 00:00:00,1
129.3609997034,56.7269996107,2019-08-07 00:00:00,1
133.8839998841,67.0270001888,2019-08-08 00:00:00,1
189.4749997556,99.1989996731,2019-08-09 00:00:00,1
171.2559998035,73.175999999,2019-08-10 00:00:00,1
166.2189996839,66.0539999604,2019-08-11 00:00:00,1
72.2379997969,9.7019999623,2019-08-12 00:00:00,0
67.195000425,6.7740000486,2019-08-13 00:00:00,0
96.6460003555,6.0719999522,2019-08-14 00:00:00,0
93.1270002127,14.4720000625,2019-08-15 00:00:00,0
106.4710000753,15.445999831,2019-08-16 00:00:00,0
147.5385007709,16.4390000403,2019-08-17 00:00:00,0
96.9379995763,11.8999999166,2019-08-18 00:00:00,0
93.4739997983,5.7569999099,2019-08-19 00:00:00,0
119.4000003338,8.2220001817,2019-08-20 00:00:00,0
97.9059995115,8.7140000463,2019-08-21 00:00:00,0
119.9990003407,10.2700001001,2019-08-22 00:00:00,0
166.8119995892,8.8839998841,2019-08-23 00:00:00,0
161.6090005934,18.3050000668,2019-08-24 00:00:00,0
143.8870001137,7.8440000117,2019-08-25 00:00:00,0
100.2459996641,50.5169997215,2019-08-26 00:00:00,1
137.0860000849,53.9980004132,2019-08-27 00:00:00,1
125.8789992332,55.2979997098,2019-08-28 00:00:00,1
101.7409998775,37.7739999592,2019-08-29 00:00:00,1
167.9970004857,109.501000464,2019-08-30 00:00:00,1
240.5769998431,128.9070000649,2019-08-31 00:00:00,1
225.6330002695,144.6319997907,2019-09-01 00:00:00,1
94.0760002136,23.2500004172,2019-09-02 00:00:00,0
136.8949995935,9.9109998941,2019-09-03 00:00:00,0
117.6659991145,13.3119999766,2019-09-04 00:00:00,0
101.1800000966,12.8559998572,2019-09-05 00:00:00,0
120.4749992192,8.5110000372,2019-09-06 00:00:00,0
161.3979991078,14.0179998875,2019-09-07 00:00:00,0
125.1149998605,10.4749999344,2019-09-08 00:00:00,0
70.3840001523,39.2010000646,2019-09-09 00:00:00,1
124.2889995873,66.4629996121,2019-09-10 00:00:00,1
98.7029997408,52.475999862,2019-09-11 00:00:00,1
127.8679991663,65.4759994149,2019-09-12 00:00:00,1
144.0240002275,83.5979998708,2019-09-13 00:00:00,1
181.275000453,106.666000247,2019-09-14 00:00:00,1
181.8679991663,94.3429992199,2019-09-15 00:00:00,1
72.2760001719,6.7559999228,2019-09-16 00:00:00,0
131.6369997561,7.7360000014,2019-09-17 00:00:00,0
91.3250001669,2.7919999957,2019-09-18 00:00:00,0
104.3449994922,10.4989998937,2019-09-19 00:00:00,0
153.6190000474,10.0289999843,2019-09-20 00:00:00,0
142.8450004756,13.5499999523,2019-09-21 00:00:00,0
110.2209999561,7.2520000339,2019-09-22 00:00:00,0
62.5490000844,4.5879999399,2019-09-23 00:00:00,0
102.3440003097,8.0490000844,2019-09-24 00:00:00,0
117.1940001547,8.8840000033,2019-09-25 00:00:00,0
74.68500036,9.9009998739,2019-09-26 00:00:00,0
126.8060004711,8.6229999065,2019-09-27 00:00:00,0
195.7969998717,6.5180000067,2019-09-28 00:00:00,0
245.3939999938,23.2479999959,2019-09-29 00:00:00,0
127.6810000241,64.5390000641,2019-09-30 00:00:00,1
