quantidade,promotion,date
323.2175003439,0,2017-01-01 00:00:00
108.4597001672,0,2017-01-02 00:00:00
240.8203999698,0.8000000119,2017-01-03 00:00:00
183.6443998814,3.5980000496,2017-01-04 00:00:00
228.3196000904,2.1925001144,2017-01-05 00:00:00
202.830000639,0.7220000029,2017-01-06 00:00:00
323.2175003439,0,2017-01-07 00:00:00
237.3401998281,2.5,2017-01-08 00:00:00
109.1492000222,66.7895000875,2017-01-09 00:00:00
230.1647002697,119.3246999979,2017-01-10 00:00:00
165.65460001,91.0856001235,2017-01-11 00:00:00
200.6631995738,88.4134995043,2017-01-12 00:00:00
228.0995999873,133.6956002414,2017-01-13 00:00:00
286.0550994575,149.806099534,2017-01-14 00:00:00
139.4759998024,71.6410000622,2017-01-15 00:00:00
44.6739993393,14.5799997747,2017-01-16 00:00:00
218.0328995883,84.4449997842,2017-01-17 00:00:00
159.9076008648,67.0936005116,2017-01-18 00:00:00
205.3074997833,89.9960001707,2017-01-19 00:00:00
292.7529011816,125.6172007322,2017-01-20 00:00:00
289.5531007908,125.4254001342,2017-01-21 00:00:00
222.4331002259,98.2435997128,2017-01-22 00:00:00
101.7255007843,88.4095005612,2017-01-23 00:00:00
236.2697995454,225.8667996079,2017-01-24 00:00:00
277.3685998619,255.4605995715,2017-01-25 00:00:00
265.2302995622,17.492299974,2017-01-26 00:00:00
383.4364001937,31.6957005858,2017-01-27 00:00:00
513.6757020205,40.3875000477,2017-01-28 00:00:00
282.8812985122,7.5760000348,2017-01-29 00:00:00
158.7684002519,8.5929999352,2017-01-30 00:00:00
248.030099988,6.7509999871,2017-01-31 00:00:00
201.8327002844,13.1259999871,2017-02-01 00:00:00
212.9382991195,3.4029999971,2017-02-02 00:00:00
214.2370012105,15.5030002296,2017-02-03 00:00:00
351.7381001492,34.0660001338,2017-02-04 00:00:00
260.374501735,15.1561001241,2017-02-05 00:00:00
104.6953008964,25.2239998579,2017-02-06 00:00:00
339.3818006516,156.2455003113,2017-02-07 00:00:00
205.8798983796,94.8640993237,2017-02-08 00:00:00
207.5269009471,121.1352003217,2017-02-09 00:00:00
284.9580005556,165.7900004387,2017-02-10 00:00:00
330.336099878,191.9240999967,2017-02-11 00:00:00
168.4309998453,93.536000073,2017-02-12 00:00:00
80.6438996494,47.0698997974,2017-02-13 00:00:00
180.7706001997,61.7037001848,2017-02-14 00:00:00
166.0878004432,64.9138004184,2017-02-15 00:00:00
213.5219993889,96.2549997866,2017-02-16 00:00:00
251.9165997468,131.066299703,2017-02-17 00:00:00
330.7458997378,153.7890000949,2017-02-18 00:00:00
250.9966001285,117.8032004237,2017-02-19 00:00:00
121.5192993283,7.1239999533,2017-02-20 00:00:00
175.3166004866,5.8779999614,2017-02-21 00:00:00
150.7758000493,28.4878004789,2017-02-22 00:00:00
160.728300035,15.8174000829,2017-02-23 00:00:00
226.446100533,24.0144003034,2017-02-24 00:00:00
313.0923994631,28.0799996555,2017-02-25 00:00:00
199.952599138,16.1460000277,2017-02-26 00:00:00
169.8542994857,11.1649999022,2017-02-27 00:00:00
266.1584994346,18.1454999447,2017-02-28 00:00:00
257.7473005354,24.083899945,2017-03-01 00:00:00
222.8810006082,13.671800077,2017-03-02 00:00:00
305.8761992534,41.4120002985,2017-03-03 00:00:00
321.1120991111,26.6389999092,2017-03-04 00:00:00
266.6965992451,13.7539998293,2017-03-05 00:00:00
134.5500998199,76.480999589,2017-03-06 00:00:00
308.0361003578,195.7830999792,2017-03-07 00:00:00
216.0963995755,118.9054993689,2017-03-08 00:00:00
244.0514998734,144.4327998459,2017-03-09 00:00:00
387.6222996116,260.456299752,2017-03-10 00:00:00
310.8116995841,204.8564998955,2017-03-11 00:00:00
237.4897983074,146.7287989855,2017-03-12 00:00:00
98.3136000335,14.4106000066,2017-03-13 00:00:00
183.7594002485,19.8824001551,2017-03-14 00:00:00
154.2238996923,10.2940000296,2017-03-15 00:00:00
198.4786995351,23.2544999421,2017-03-16 00:00:00
291.8806999475,44.4189998508,2017-03-17 00:00:00
327.7395998985,32.0540001392,2017-03-18 00:00:00
288.6787001193,20.6389997602,2017-03-19 00:00:00
92.185299933,42.850599736,2017-03-20 00:00:00
267.8954993635,106.3272998184,2017-03-21 00:00:00
224.7271001339,101.6518998146,2017-03-22 00:00:00
193.5148995221,83.2090998292,2017-03-23 00:00:00
235.0946002305,129.6151004136,2017-03-24 00:00:00
290.8808999956,202.4378996491,2017-03-25 00:00:00
217.8460003436,145.6259999871,2017-03-26 00:00:00
91.266299814,16.1701002121,2017-03-27 00:00:00
215.7635001391,16.1483998895,2017-03-28 00:00:00
157.0875996351,13.3279999197,2017-03-29 00:00:00
163.2666002512,9.2200000286,2017-03-30 00:00:00
221.0627000928,25.3399998248,2017-03-31 00:00:00
359.8964002132,31.4334001541,2017-04-01 00:00:00
256.4893998206,27.8240001798,2017-04-02 00:00:00
65.8021005094,1.324000001,2017-04-03 00:00:00
209.2069996744,3.3059999943,2017-04-04 00:00:00
165.7318003178,7.7310001552,2017-04-05 00:00:00
173.1959993541,9.8249999285,2017-04-06 00:00:00
296.1059004962,202.5919008553,2017-04-07 00:00:00
286.4798002988,139.5297999084,2017-04-08 00:00:00
295.0611988157,187.0209987313,2017-04-09 00:00:00
136.460999608,58.5370000005,2017-04-10 00:00:00
236.3582009375,142.3792006075,2017-04-11 00:00:00
219.4801002294,92.0901003182,2017-04-12 00:00:00
353.4575997286,154.0845999711,2017-04-13 00:00:00
269.3846990466,85.700699985,2017-04-14 00:00:00
246.586400032,100.2103997469,2017-04-15 00:00:00
67.4808000028,19.7578001916,2017-04-16 00:00:00
124.2104007602,26.2883998752,2017-04-17 00:00:00
165.6218998879,67.3458995521,2017-04-18 00:00:00
162.783000052,53.4370000064,2017-04-19 00:00:00
156.5882996172,72.8542995751,2017-04-20 00:00:00
261.3004999906,118.8656002134,2017-04-21 00:00:00
303.1878000796,141.0530999303,2017-04-22 00:00:00
246.1499999315,101.7534000129,2017-04-23 00:00:00
123.8395005763,116.2355004549,2017-04-24 00:00:00
271.2372008413,252.5468005389,2017-04-25 00:00:00
89.1870999634,14.7340001464,2017-04-26 00:00:00
63.1027000397,6.337700069,2017-04-27 00:00:00
115.9419996291,6.0850000381,2017-04-28 00:00:00
207.0690003783,13.5010000467,2017-04-29 00:00:00
450.2502009273,57.6770004034,2017-04-30 00:00:00
213.8909003735,24.4860002398,2017-05-01 00:00:00
93.5969002247,9.5144998729,2017-05-02 00:00:00
160.1099996418,13.2700001001,2017-05-03 00:00:00
165.3958999217,12.5941002071,2017-05-04 00:00:00
179.9284005314,16.5334999561,2017-05-05 00:00:00
254.580001235,25.3220003545,2017-05-06 00:00:00
190.2844003737,17.8280001879,2017-05-07 00:00:00
124.1018000841,69.6329999566,2017-05-08 00:00:00
193.7676994056,82.3971996903,2017-05-09 00:00:00
179.3259995729,86.5339991748,2017-05-10 00:00:00
170.733500123,99.3278001994,2017-05-11 00:00:00
232.9206997752,138.2586999238,2017-05-12 00:00:00
314.6952011287,177.66720061,2017-05-13 00:00:00
208.7098002434,108.8485004753,2017-05-14 00:00:00
101.6762000769,46.5013000965,2017-05-15 00:00:00
253.6264998615,94.3655000031,2017-05-16 00:00:00
217.1310001016,74.3599997908,2017-05-17 00:00:00
250.9072996378,106.5247994959,2017-05-18 00:00:00
266.0467988849,132.7615994811,2017-05-19 00:00:00
338.0769995749,156.3959994614,2017-05-20 00:00:00
204.3449993283,82.0259992182,2017-05-21 00:00:00
126.8401003331,15.8574998379,2017-05-22 00:00:00
155.2310994864,12.045999974,2017-05-23 00:00:00
169.2195006013,11.6009998322,2017-05-24 00:00:00
166.1644996405,13.599999845,2017-05-25 00:00:00
188.8779003769,11.038000077,2017-05-26 00:00:00
232.4252996743,21.7130000889,2017-05-27 00:00:00
190.3638003767,24.6029998958,2017-05-28 00:00:00
83.4155998975,9.9550000429,2017-05-29 00:00:00
171.6587998793,13.2989999652,2017-05-30 00:00:00
139.5049009025,9.2200000882,2017-05-31 00:00:00
153.0796001703,7.3779999614,2017-06-01 00:00:00
243.9109995067,18.1900000274,2017-06-02 00:00:00
264.2435002625,31.5020000637,2017-06-03 00:00:00
168.902300626,4.3703001142,2017-06-04 00:00:00
144.0439997315,73.079000324,2017-06-05 00:00:00
176.1312001944,87.4522996843,2017-06-06 00:00:00
136.9139999151,61.8760000467,2017-06-07 00:00:00
179.8643009663,98.0883006752,2017-06-08 00:00:00
185.9669988751,114.385999471,2017-06-09 00:00:00
518.6670987904,330.8656993061,2017-06-10 00:00:00
147.7907995284,89.9121996164,2017-06-11 00:00:00
68.3666003048,8.3766000271,2017-06-12 00:00:00
136.8321003765,12.5717000663,2017-06-13 00:00:00
148.1731999218,23.6052000076,2017-06-14 00:00:00
197.8517998159,14.055000037,2017-06-15 00:00:00
153.4830000848,9.4539998174,2017-06-16 00:00:00
252.1378008127,22.5630002022,2017-06-17 00:00:00
139.4927998781,10.3699998856,2017-06-18 00:00:00
127.3260003775,80.8328000158,2017-06-19 00:00:00
134.5055000633,62.1554998606,2017-06-20 00:00:00
132.99700004,62.4840000272,2017-06-21 00:00:00
148.233500123,87.6184999943,2017-06-22 00:00:00
159.5726997107,105.9548998773,2017-06-23 00:00:00
289.9879008234,174.9429006428,2017-06-24 00:00:00
231.7632003576,141.5768009275,2017-06-25 00:00:00
90.0229998529,10.1979999542,2017-06-26 00:00:00
210.0072991699,16.8445998728,2017-06-27 00:00:00
169.9819997847,22.6410000026,2017-06-28 00:00:00
191.495300313,26.5810999624,2017-06-29 00:00:00
301.9987004548,32.7483998239,2017-06-30 00:00:00
448.6822001017,74.0942000747,2017-07-01 00:00:00
267.5960006416,30.2370997667,2017-07-02 00:00:00
137.9230002165,61.8960000575,2017-07-03 00:00:00
166.5041006561,77.559099704,2017-07-04 00:00:00
152.2471000701,67.1879997253,2017-07-05 00:00:00
158.0500000715,59.2160001695,2017-07-06 00:00:00
222.2738004178,109.4110001773,2017-07-07 00:00:00
270.2101008445,156.5961008221,2017-07-08 00:00:00
128.5338000953,70.0588000417,2017-07-09 00:00:00
56.0328998463,18.429899876,2017-07-10 00:00:00
180.3202001303,81.4359998554,2017-07-11 00:00:00
131.4807005823,40.5267000794,2017-07-12 00:00:00
125.6693999469,51.2954001129,2017-07-13 00:00:00
180.3334001303,98.1399998665,2017-07-14 00:00:00
284.0659991503,127.115999639,2017-07-15 00:00:00
231.493799448,77.1026000082,2017-07-16 00:00:00
63.6869997233,2.8700000644,2017-07-17 00:00:00
136.7281001508,27.4781000018,2017-07-18 00:00:00
163.5028001328,25.1729999781,2017-07-19 00:00:00
188.1115994751,32.2113001049,2017-07-20 00:00:00
247.9742992739,31.101099968,2017-07-21 00:00:00
311.5444004536,284.3854005337,2017-07-22 00:00:00
277.3848998249,255.5863995254,2017-07-23 00:00:00
89.4830996692,21.9190998673,2017-07-24 00:00:00
219.5786002576,46.4271006882,2017-07-25 00:00:00
118.8320002258,11.2050002217,2017-07-26 00:00:00
173.7078997791,22.8447996974,2017-07-27 00:00:00
212.3332006931,20.6890001893,2017-07-28 00:00:00
345.4811003804,20.4269999862,2017-07-29 00:00:00
243.2703000158,19.5630002618,2017-07-30 00:00:00
106.4056000113,36.7869999111,2017-07-31 00:00:00
230.2652009428,107.7939005792,2017-08-01 00:00:00
132.4100998193,45.6800998002,2017-08-02 00:00:00
162.826699689,64.4527000189,2017-08-03 00:00:00
199.5221007615,91.604800716,2017-08-04 00:00:00
272.6974003017,128.8233996332,2017-08-05 00:00:00
178.8726007938,57.9716003835,2017-08-06 00:00:00
113.5423997939,49.4003994167,2017-08-07 00:00:00
186.1750000864,61.5700001717,2017-08-08 00:00:00
187.2872008234,78.1644002795,2017-08-09 00:00:00
198.2876005769,93.1456000805,2017-08-10 00:00:00
195.9458003363,92.2298004052,2017-08-11 00:00:00
300.6068995935,135.9249001187,2017-08-12 00:00:00
210.943000257,82.4289997071,2017-08-13 00:00:00
156.3406998512,10.413399905,2017-08-14 00:00:00
246.8431997597,30.617000103,2017-08-15 00:00:00
189.5577001721,11.9780002236,2017-08-16 00:00:00
192.8938999921,16.2200000584,2017-08-17 00:00:00
244.6726009846,27.5340000391,2017-08-18 00:00:00
284.9556996524,27.274699837,2017-08-19 00:00:00
211.5212005973,17.0501000881,2017-08-20 00:00:00
111.1339999735,7.5900000334,2017-08-21 00:00:00
194.8115003705,27.6097002625,2017-08-22 00:00:00
171.0366997868,16.7711999416,2017-08-23 00:00:00
159.1196001023,10.6610001922,2017-08-24 00:00:00
200.9613001645,15.4881000519,2017-08-25 00:00:00
248.5766991824,26.1859998107,2017-08-26 00:00:00
177.9690006524,16.8090001345,2017-08-27 00:00:00
152.3428997397,100.157999754,2017-08-28 00:00:00
256.7657002211,117.8413999081,2017-08-29 00:00:00
222.8005999476,124.6435998231,2017-08-30 00:00:00
214.3353001177,123.8969998956,2017-08-31 00:00:00
271.7574990998,181.8074995588,2017-09-01 00:00:00
278.4409992099,168.3843999207,2017-09-02 00:00:00
204.6874002665,120.7824002802,2017-09-03 00:00:00
100.5411001444,18.6020999551,2017-09-04 00:00:00
221.471100837,17.8551000059,2017-09-05 00:00:00
200.1793996394,7.687000066,2017-09-06 00:00:00
224.8738996983,6.4330001473,2017-09-07 00:00:00
276.8977007568,18.5100000799,2017-09-08 00:00:00
420.1496986896,22.7439998388,2017-09-09 00:00:00
279.7562006116,20.4970000386,2017-09-10 00:00:00
151.3963003457,76.4207007587,2017-09-11 00:00:00
229.5878994465,119.7842999995,2017-09-12 00:00:00
154.8851993829,78.7947998941,2017-09-13 00:00:00
153.3403005749,86.7193003595,2017-09-14 00:00:00
151.9560999682,104.50049993,2017-09-15 00:00:00
273.0669995993,144.8180000335,2017-09-16 00:00:00
231.3228003383,144.1447999924,2017-09-17 00:00:00
110.9211003482,27.2692998648,2017-09-18 00:00:00
189.7933005691,28.2153001428,2017-09-19 00:00:00
198.0160992444,4.4059999585,2017-09-20 00:00:00
143.4790001661,12.8679998815,2017-09-21 00:00:00
258.5247986317,19.8359998465,2017-09-22 00:00:00
240.5600003302,11.3909999728,2017-09-23 00:00:00
197.0776010454,13.8850001693,2017-09-24 00:00:00
69.7313999236,0.7220000029,2017-09-25 00:00:00
187.2477990389,4.2590000033,2017-09-26 00:00:00
167.2309996188,16.0259998441,2017-09-27 00:00:00
174.4991996884,17.4731999934,2017-09-28 00:00:00
239.4499002099,3.8059999347,2017-09-29 00:00:00
331.1559002078,26.7810001373,2017-09-30 00:00:00
288.0199009925,20.7079999745,2017-10-01 00:00:00
103.3859996498,44.0879997015,2017-10-02 00:00:00
207.8729996765,105.1129998267,2017-10-03 00:00:00
169.8127996326,64.8009998798,2017-10-04 00:00:00
330.0236005187,171.4825999737,2017-10-05 00:00:00
276.0318003297,138.5148008466,2017-10-06 00:00:00
332.8923996687,194.8103997111,2017-10-07 00:00:00
302.2604999542,153.1425004005,2017-10-08 00:00:00
63.4206997156,29.333699733,2017-10-09 00:00:00
131.4050002694,60.8410000801,2017-10-10 00:00:00
136.3250000626,58.0060000569,2017-10-11 00:00:00
147.188900128,67.9408999234,2017-10-12 00:00:00
254.6250995696,104.2980998755,2017-10-13 00:00:00
374.2071006182,169.9521002951,2017-10-14 00:00:00
263.2368996441,97.9840000272,2017-10-15 00:00:00
63.5349998474,3.9480000734,2017-10-16 00:00:00
197.2799996585,22.0359998345,2017-10-17 00:00:00
206.7999992967,25.6749997735,2017-10-18 00:00:00
231.980499655,28.1669997871,2017-10-19 00:00:00
285.382599473,49.8445996642,2017-10-20 00:00:00
335.1870007217,43.7930004895,2017-10-21 00:00:00
247.7123005986,35.2290000916,2017-10-22 00:00:00
94.1396999061,8.6069999933,2017-10-23 00:00:00
151.5728995777,6.8120000362,2017-10-24 00:00:00
114.7019996941,14.1239999831,2017-10-25 00:00:00
149.2413006127,13.6190001965,2017-10-26 00:00:00
216.0126989633,126.2439993024,2017-10-27 00:00:00
291.5160001665,148.6760000587,2017-10-28 00:00:00
255.3921994567,87.4952001572,2017-10-29 00:00:00
90.8519002944,44.4110000432,2017-10-30 00:00:00
259.993900165,127.4980994016,2017-10-31 00:00:00
301.3340003937,173.0830001831,2017-11-01 00:00:00
154.1540003717,75.8099998236,2017-11-02 00:00:00
213.7908000052,101.7322995365,2017-11-03 00:00:00
279.8300000131,21.9129998684,2017-11-04 00:00:00
195.6975997537,11.4656997919,2017-11-05 00:00:00
66.9480004013,38.3150003403,2017-11-06 00:00:00
147.1625996232,66.1807000935,2017-11-07 00:00:00
146.2320998569,64.3398998678,2017-11-08 00:00:00
95.5940000117,56.1290002167,2017-11-09 00:00:00
216.0359000564,142.1877996624,2017-11-10 00:00:00
328.3067004979,227.6777001023,2017-11-11 00:00:00
249.0727001578,121.9456997663,2017-11-12 00:00:00
69.9542996436,15.661299929,2017-11-13 00:00:00
134.1136995554,13.3193998933,2017-11-14 00:00:00
184.4381994009,21.1031997204,2017-11-15 00:00:00
110.8926000595,11.2837998271,2017-11-16 00:00:00
178.5482997447,14.5249998569,2017-11-17 00:00:00
253.2649003416,18.442999959,2017-11-18 00:00:00
245.6349994242,25.8510000706,2017-11-19 00:00:00
85.9683997333,6.1039999723,2017-11-20 00:00:00
181.5009985864,13.8289999664,2017-11-21 00:00:00
204.9315000176,19.2799999416,2017-11-22 00:00:00
205.6837000251,30.058000505,2017-11-23 00:00:00
217.7956002206,24.6595999897,2017-11-24 00:00:00
367.0666997135,32.1640000343,2017-11-25 00:00:00
192.2970001698,19.6849998832,2017-11-26 00:00:00
88.9632998407,47.7160000801,2017-11-27 00:00:00
232.5688999295,132.1401999593,2017-11-28 00:00:00
246.3277991563,138.1651993096,2017-11-29 00:00:00
212.8024003804,126.321400255,2017-11-30 00:00:00
304.6295995712,216.0496000946,2017-12-01 00:00:00
295.7104997337,189.3037993312,2017-12-02 00:00:00
212.9329993725,130.3249993622,2017-12-03 00:00:00
55.1859999895,3.8170000315,2017-12-04 00:00:00
133.5650002211,11.861000061,2017-12-05 00:00:00
137.0230004787,20.018999964,2017-12-06 00:00:00
199.5390002429,18.8180000186,2017-12-07 00:00:00
256.6420004815,21.5099999309,2017-12-08 00:00:00
257.7419994771,18.1130000353,2017-12-09 00:00:00
211.4640000761,6.4860001206,2017-12-10 00:00:00
45.0370002985,27.3189999461,2017-12-11 00:00:00
183.3359993994,99.1559995115,2017-12-12 00:00:00
167.2609999478,93.1309998035,2017-12-13 00:00:00
210.7870001495,115.2390007079,2017-12-14 00:00:00
207.2970003486,131.8240001202,2017-12-15 00:00:00
273.2950001359,172.86899966,2017-12-16 00:00:00
199.782000035,110.2989998162,2017-12-17 00:00:00
84.1719995439,9.1620000005,2017-12-18 00:00:00
196.0690004528,21.1869999766,2017-12-19 00:00:00
145.8869999647,14.0260000527,2017-12-20 00:00:00
193.2460002303,15.880000025,2017-12-21 00:00:00
168.218000412,16.6019999087,2017-12-22 00:00:00
200.8719994724,2.4499999881,2017-12-23 00:00:00
84.3199999332,2.631000042,2017-12-24 00:00:00
84.1719995439,9.1620000005,2017-12-25 00:00:00
88.9070001543,1.9080000222,2017-12-26 00:00:00
152.7990001738,10.5200001597,2017-12-27 00:00:00
193.8770002425,15.6999998689,2017-12-28 00:00:00
169.8760003299,7.7560000718,2017-12-29 00:00:00
235.9939997643,8.3550000191,2017-12-30 00:00:00
139.1180003583,1.6629999876,2017-12-31 00:00:00
84.1719995439,1.9080000222,2018-01-01 00:00:00
232.1229998767,3.3639999628,2018-01-02 00:00:00
157.9690008163,2.6579999924,2018-01-03 00:00:00
248.0901992619,7.3349998593,2018-01-04 00:00:00
291.2299996763,6.6339999735,2018-01-05 00:00:00
312.6809999645,13.0739999413,2018-01-06 00:00:00
206.4279995114,5.0770000219,2018-01-07 00:00:00
37.6839998513,26.1460000575,2018-01-08 00:00:00
234.9810005128,111.9260001481,2018-01-09 00:00:00
222.9960001409,131.4480002821,2018-01-10 00:00:00
212.7670004219,100.0970004946,2018-01-11 00:00:00
261.4029996544,144.7009996623,2018-01-12 00:00:00
359.6749993563,215.906998992,2018-01-13 00:00:00
226.865999788,119.942999661,2018-01-14 00:00:00
80.442000106,31.7520000041,2018-01-15 00:00:00
198.0410003066,73.070999831,2018-01-16 00:00:00
200.5420006216,79.9059999585,2018-01-17 00:00:00
160.0330002308,77.0659998953,2018-01-18 00:00:00
238.8020004779,110.2740004957,2018-01-19 00:00:00
365.0319988877,221.6589990705,2018-01-20 00:00:00
244.3270007372,117.7690005004,2018-01-21 00:00:00
94.4309996367,19.7419998646,2018-01-22 00:00:00
207.0539996922,19.2639998794,2018-01-23 00:00:00
197.4090005457,13.8659999073,2018-01-24 00:00:00
205.6789998114,14.6209999323,2018-01-25 00:00:00
241.4539996684,24.5469997823,2018-01-26 00:00:00
318.7583999634,71.0114001632,2018-01-27 00:00:00
211.0710012019,24.901999861,2018-01-28 00:00:00
108.3470003903,4.7970000505,2018-01-29 00:00:00
147.4680006504,10.8300001025,2018-01-30 00:00:00
206.4100006074,39.0870002508,2018-01-31 00:00:00
169.1829999536,27.1099999845,2018-02-01 00:00:00
216.6659995317,23.6219998598,2018-02-02 00:00:00
280.124999851,17.7709999084,2018-02-03 00:00:00
213.7309999168,20.4240001738,2018-02-04 00:00:00
108.7190003097,46.4310001731,2018-02-05 00:00:00
179.517001003,85.0870004296,2018-02-06 00:00:00
155.3490005434,58.093000263,2018-02-07 00:00:00
135.8929995298,65.8279997408,2018-02-08 00:00:00
215.741999805,133.5760000348,2018-02-09 00:00:00
303.4569995999,174.8589995801,2018-02-10 00:00:00
147.2389998138,68.9770000577,2018-02-11 00:00:00
39.8289997876,21.303999871,2018-02-12 00:00:00
202.1699999571,62.8179998994,2018-02-13 00:00:00
163.0169996619,55.6989999115,2018-02-14 00:00:00
159.6950003207,57.2560000122,2018-02-15 00:00:00
288.1770001948,154.0329999328,2018-02-16 00:00:00
382.0559996068,218.501999855,2018-02-17 00:00:00
277.5400000215,129.2659998238,2018-02-18 00:00:00
73.7819997072,6.9740000665,2018-02-19 00:00:00
185.8939994425,16.019000113,2018-02-20 00:00:00
172.1750001311,24.5510000885,2018-02-21 00:00:00
138.0739993751,17.1039999127,2018-02-22 00:00:00
234.2050002515,19.0249999762,2018-02-23 00:00:00
346.818000719,57.5180001855,2018-02-24 00:00:00
222.4040002227,17.6070001125,2018-02-25 00:00:00
93.7859999239,13.9670000672,2018-02-26 00:00:00
175.2080000788,14.8169998527,2018-02-27 00:00:00
194.2179995775,34.7099999487,2018-02-28 00:00:00
182.9377003908,31.5416999757,2018-03-01 00:00:00
222.5720007569,33.0869999528,2018-03-02 00:00:00
388.3719997108,53.1269996762,2018-03-03 00:00:00
242.8649989963,37.7129998803,2018-03-04 00:00:00
100.8970004916,59.0100000799,2018-03-05 00:00:00
259.7689988762,131.3449990153,2018-03-06 00:00:00
191.1060000956,110.0640003085,2018-03-07 00:00:00
238.4289995879,115.4219998121,2018-03-08 00:00:00
310.8409980834,197.1829987764,2018-03-09 00:00:00
381.6300000548,267.942999959,2018-03-10 00:00:00
212.5269992352,128.3079994619,2018-03-11 00:00:00
83.2063004076,8.6213000417,2018-03-12 00:00:00
224.9999998808,18.5220001638,2018-03-13 00:00:00
165.9470004141,28.4740003049,2018-03-14 00:00:00
165.3130005896,24.6530001163,2018-03-15 00:00:00
317.2860007286,35.7270000577,2018-03-16 00:00:00
395.8600006346,59.0769993067,2018-03-17 00:00:00
212.8010002524,17.0099999011,2018-03-18 00:00:00
183.7079994977,95.5789995492,2018-03-19 00:00:00
229.533000201,123.274000138,2018-03-20 00:00:00
154.9800001681,99.8310005963,2018-03-21 00:00:00
178.115999788,90.963999629,2018-03-22 00:00:00
251.8916007876,166.2446006835,2018-03-23 00:00:00
311.7720007598,192.1230001301,2018-03-24 00:00:00
240.7400009185,172.7770011127,2018-03-25 00:00:00
100.5329999477,15.5899999142,2018-03-26 00:00:00
193.1670003235,16.0909999609,2018-03-27 00:00:00
206.6040003598,13.7969998717,2018-03-28 00:00:00
375.5203985572,41.3319997787,2018-03-29 00:00:00
427.4370005131,36.9540002942,2018-03-30 00:00:00
280.4109991193,33.17599985,2018-03-31 00:00:00
73.625000149,13.0090000629,2018-04-01 00:00:00
181.4310004413,19.7040001154,2018-04-02 00:00:00
271.0320000052,16.7259999216,2018-04-03 00:00:00
356.7169991136,41.1770000458,2018-04-04 00:00:00
362.8279995322,33.7589999139,2018-04-05 00:00:00
248.8269994855,14.7029999495,2018-04-06 00:00:00
259.541000694,22.487000227,2018-04-07 00:00:00
236.24489972,18.2460001707,2018-04-08 00:00:00
123.0190002024,78.3900001943,2018-04-09 00:00:00
202.2260000706,118.4450001419,2018-04-10 00:00:00
263.33100003,133.088000536,2018-04-11 00:00:00
228.1170004308,103.8019998968,2018-04-12 00:00:00
268.3777995408,156.6427995563,2018-04-13 00:00:00
352.8330000192,218.8169997782,2018-04-14 00:00:00
217.7570000291,114.1440000236,2018-04-15 00:00:00
124.1590003073,50.2609998286,2018-04-16 00:00:00
207.9869998395,58.0609999299,2018-04-17 00:00:00
177.667999655,72.6180000007,2018-04-18 00:00:00
195.1509999037,103.0809996426,2018-04-19 00:00:00
217.0765001625,87.5939996839,2018-04-20 00:00:00
321.9619993865,156.8319997489,2018-04-21 00:00:00
255.4278001487,144.5120007098,2018-04-22 00:00:00
86.9959999323,6.6486998796,2018-04-23 00:00:00
194.9269991368,14.1100000143,2018-04-24 00:00:00
197.2950000763,13.5939999521,2018-04-25 00:00:00
161.6660000831,13.6330000758,2018-04-26 00:00:00
178.7038004696,12.5450000316,2018-04-27 00:00:00
310.5649989247,32.4070001245,2018-04-28 00:00:00
177.9740003943,7.0300000906,2018-04-29 00:00:00
133.0709997416,12.6479998231,2018-04-30 00:00:00
267.5769996792,37.1639998555,2018-05-01 00:00:00
172.3889994919,12.1550000012,2018-05-02 00:00:00
164.4569998533,5.8279999495,2018-05-03 00:00:00
198.1695008576,11.6140000522,2018-05-04 00:00:00
355.0640007257,24.859000206,2018-05-05 00:00:00
201.1180003583,3.94599998,2018-05-06 00:00:00
123.2840000093,70.3270001709,2018-05-07 00:00:00
234.6540002674,117.1710003018,2018-05-08 00:00:00
175.2570008338,76.7570004761,2018-05-09 00:00:00
166.1030007303,93.7300005853,2018-05-10 00:00:00
240.8386001289,132.9686000347,2018-05-11 00:00:00
303.5899996758,163.8519999981,2018-05-12 00:00:00
301.7939995527,157.1839992106,2018-05-13 00:00:00
94.0830001235,25.7320001721,2018-05-14 00:00:00
238.6189988852,72.9759995639,2018-05-15 00:00:00
205.9539994001,89.3759997487,2018-05-16 00:00:00
236.187999934,105.7349999547,2018-05-17 00:00:00
317.2056001127,147.3326000869,2018-05-18 00:00:00
373.7310003936,135.6290001571,2018-05-19 00:00:00
329.930001393,130.4170007706,2018-05-20 00:00:00
76.1920002103,3.4150000215,2018-05-21 00:00:00
167.2500001788,6.0919999778,2018-05-22 00:00:00
158.0769995451,18.6449997872,2018-05-23 00:00:00
165.7450004816,2.0210000575,2018-05-24 00:00:00
208.1150004268,11.2610000372,2018-05-25 00:00:00
320.7387995422,13.0939998031,2018-05-26 00:00:00
222.4999994934,1.7210000157,2018-05-27 00:00:00
86.1300008297,6.3869999647,2018-05-28 00:00:00
192.475000605,7.1470000148,2018-05-29 00:00:00
202.3379998803,9.3509998918,2018-05-30 00:00:00
312.4750002474,10.9520000219,2018-05-31 00:00:00
224.8369994313,7.7790001035,2018-06-01 00:00:00
342.0103999972,31.0329999328,2018-06-02 00:00:00
249.3100001514,15.0450000167,2018-06-03 00:00:00
197.4719992578,128.8089994192,2018-06-04 00:00:00
262.0860008001,136.5860004127,2018-06-05 00:00:00
171.1680002362,93.7869997323,2018-06-06 00:00:00
153.6290006191,78.1510004997,2018-06-07 00:00:00
263.8819998652,168.67499955,2018-06-08 00:00:00
357.0780004859,235.631000191,2018-06-09 00:00:00
216.8760000765,146.7420000732,2018-06-10 00:00:00
97.968000114,7.340000093,2018-06-11 00:00:00
136.4730002582,19.0989999473,2018-06-12 00:00:00
166.8690000623,18.8649998009,2018-06-13 00:00:00
138.3086995631,11.2159999162,2018-06-14 00:00:00
170.2404005528,9.2270000577,2018-06-15 00:00:00
222.0820011199,15.0340002179,2018-06-16 00:00:00
218.3429999352,5.7480000854,2018-06-17 00:00:00
104.7989994586,46.7489996552,2018-06-18 00:00:00
192.2609992921,82.5329994857,2018-06-19 00:00:00
147.2360005379,72.1190003753,2018-06-20 00:00:00
190.7359991372,101.3029999137,2018-06-21 00:00:00
295.7919991016,186.4059995115,2018-06-22 00:00:00
431.5299996734,274.33100003,2018-06-23 00:00:00
307.5530000925,163.79799968,2018-06-24 00:00:00
142.1220006943,0,2018-06-25 00:00:00
192.2120003402,4.1760001183,2018-06-26 00:00:00
213.9789985418,14.5829998851,2018-06-27 00:00:00
180.7899997234,7.8220000267,2018-06-28 00:00:00
251.7210001647,9.6810000539,2018-06-29 00:00:00
273.6740005016,13.1919997931,2018-06-30 00:00:00
277.1630006135,13.3539998531,2018-07-01 00:00:00
91.3509997129,44.3639998138,2018-07-02 00:00:00
220.8279996812,114.6719999313,2018-07-03 00:00:00
184.5130013376,87.4300005436,2018-07-04 00:00:00
189.1079993993,91.3729998767,2018-07-05 00:00:00
255.2609992027,157.1969991326,2018-07-06 00:00:00
331.5419996083,193.023999691,2018-07-07 00:00:00
266.7619989216,123.9149995744,2018-07-08 00:00:00
121.4019998461,59.069999814,2018-07-09 00:00:00
257.866999343,113.4349989742,2018-07-10 00:00:00
215.7119994015,88.6749997288,2018-07-11 00:00:00
162.2051995099,76.3170000017,2018-07-12 00:00:00
227.927999869,104.1479996294,2018-07-13 00:00:00
352.1739997268,152.396999836,2018-07-14 00:00:00
284.7660005093,125.385999918,2018-07-15 00:00:00
138.4539996684,18.3579999208,2018-07-16 00:00:00
189.5940003246,28.812999934,2018-07-17 00:00:00
181.4469993114,13.7819997668,2018-07-18 00:00:00
220.5670004785,31.8160000443,2018-07-19 00:00:00
235.4909998775,28.435000062,2018-07-20 00:00:00
359.7134002745,40.4559997916,2018-07-21 00:00:00
311.8689996302,27.3360001445,2018-07-22 00:00:00
156.8889999986,17.4330002666,2018-07-23 00:00:00
247.7330005467,24.2420001328,2018-07-24 00:00:00
186.280000031,17.1650000215,2018-07-25 00:00:00
208.4460004717,21.5319999456,2018-07-26 00:00:00
229.6679995954,24.7459997535,2018-07-27 00:00:00
374.7770004123,41.8760000467,2018-07-28 00:00:00
270.4289003909,30.2550001144,2018-07-29 00:00:00
189.6000002325,65.7950001061,2018-07-30 00:00:00
326.7159997374,167.3640003204,2018-07-31 00:00:00
223.5645996034,107.1005994082,2018-08-01 00:00:00
255.0800007135,122.6390002072,2018-08-02 00:00:00
314.976000011,142.4889998734,2018-08-03 00:00:00
390.376999706,188.629999429,2018-08-04 00:00:00
333.0209991634,97.1709999442,2018-08-05 00:00:00
166.898000598,54.4770001769,2018-08-06 00:00:00
267.5400000662,103.1040002406,2018-08-07 00:00:00
254.9209999144,82.5270002484,2018-08-08 00:00:00
203.4999984503,71.0709991753,2018-08-09 00:00:00
250.1000000536,110.3679998815,2018-08-10 00:00:00
320.9919999242,131.1670002043,2018-08-11 00:00:00
271.8599997461,115.4739994705,2018-08-12 00:00:00
123.8889992833,10.1249999404,2018-08-13 00:00:00
256.2710006535,25.7189998925,2018-08-14 00:00:00
290.2349993885,32.1369998455,2018-08-15 00:00:00
222.5709998608,26.7530000806,2018-08-16 00:00:00
281.8870000541,24.9059998393,2018-08-17 00:00:00
301.1059994847,21.1100001335,2018-08-18 00:00:00
265.3110003769,16.2019999325,2018-08-19 00:00:00
146.0869990438,9.2449999154,2018-08-20 00:00:00
290.5299997479,22.7870002091,2018-08-21 00:00:00
234.3459998667,24.7289998531,2018-08-22 00:00:00
227.0360001922,18.6700001955,2018-08-23 00:00:00
257.9530009031,15.2890002131,2018-08-24 00:00:00
289.8329991102,29.4360000491,2018-08-25 00:00:00
232.4380004704,10.2770000398,2018-08-26 00:00:00
193.3620007634,94.5070007145,2018-08-27 00:00:00
273.8469997048,151.2669996023,2018-08-28 00:00:00
271.1659994721,125.8849998713,2018-08-29 00:00:00
305.9619993269,137.430000037,2018-08-30 00:00:00
379.0479998887,260.4199998975,2018-08-31 00:00:00
456.805999279,293.1959994733,2018-09-01 00:00:00
361.5639992952,216.3689993322,2018-09-02 00:00:00
168.8809990287,15.4270000458,2018-09-03 00:00:00
207.1080002189,21.937999934,2018-09-04 00:00:00
224.0020007193,13.0439999998,2018-09-05 00:00:00
208.9309997857,22.8059999049,2018-09-06 00:00:00
307.8300002217,24.7439998388,2018-09-07 00:00:00
382.7567008734,32.6536999345,2018-09-08 00:00:00
321.5119997263,29.6520000994,2018-09-09 00:00:00
189.944999963,97.1350004375,2018-09-10 00:00:00
284.2800002843,136.6340001076,2018-09-11 00:00:00
214.5069997013,98.4229996502,2018-09-12 00:00:00
253.7429991215,146.5169992,2018-09-13 00:00:00
246.0866999328,140.6400004029,2018-09-14 00:00:00
297.5460003316,182.0240005255,2018-09-15 00:00:00
343.6027994156,185.1597992778,2018-09-16 00:00:00
124.0099999607,7.7670000196,2018-09-17 00:00:00
196.6009998918,14.4049998522,2018-09-18 00:00:00
209.4900001884,13.1000000834,2018-09-19 00:00:00
204.157999903,11.3560000062,2018-09-20 00:00:00
274.384000212,9.9419999421,2018-09-21 00:00:00
433.7049996853,27.6429997087,2018-09-22 00:00:00
281.8670004457,16.9360000491,2018-09-23 00:00:00
123.0817999691,13.1279999018,2018-09-24 00:00:00
205.5050006807,19.206999898,2018-09-25 00:00:00
158.4789999127,9.7520000041,2018-09-26 00:00:00
170.3850002587,3.2260000706,2018-09-27 00:00:00
221.117000103,13.7980001867,2018-09-28 00:00:00
311.599000439,13.0109999031,2018-09-29 00:00:00
268.7080003619,27.9980000556,2018-09-30 00:00:00
134.4399998784,72.4129995406,2018-10-01 00:00:00
252.4339996278,111.9500000775,2018-10-02 00:00:00
195.0351999998,97.6362003088,2018-10-03 00:00:00
259.7139992118,133.3459999561,2018-10-04 00:00:00
333.642999351,199.7159997225,2018-10-05 00:00:00
340.6169996262,188.1959999204,2018-10-06 00:00:00
265.5049995482,120.6789999604,2018-10-07 00:00:00
122.4939999878,47.2810002267,2018-10-08 00:00:00
184.1232002676,70.5162002146,2018-10-09 00:00:00
253.9969999194,101.5919996798,2018-10-10 00:00:00
206.5770002306,87.1510002613,2018-10-11 00:00:00
210.8492999375,104.2783004045,2018-10-12 00:00:00
283.0379998386,168.9659999311,2018-10-13 00:00:00
274.1470005512,139.8720007837,2018-10-14 00:00:00
115.2259994149,9.8570000529,2018-10-15 00:00:00
233.4400002211,35.5690000951,2018-10-16 00:00:00
142.8180003166,18.7290000916,2018-10-17 00:00:00
167.6479999423,7.6449999511,2018-10-18 00:00:00
237.936999768,25.7649999857,2018-10-19 00:00:00
343.7594995797,29.1659998894,2018-10-20 00:00:00
252.0289995521,28.706999898,2018-10-21 00:00:00
145.1480005831,4.3360000402,2018-10-22 00:00:00
182.3000007868,8.5570001602,2018-10-23 00:00:00
125.3140001893,7.2329998016,2018-10-24 00:00:00
157.3719993979,18.3649999797,2018-10-25 00:00:00
289.5390005708,158.9960004687,2018-10-26 00:00:00
312.1939995885,158.2119996548,2018-10-27 00:00:00
257.2620002627,143.8460000753,2018-10-28 00:00:00
148.6550002694,52.8480003178,2018-10-29 00:00:00
174.512999624,66.4520000517,2018-10-30 00:00:00
200.8899997175,114.1209996045,2018-10-31 00:00:00
299.3180003464,160.0810002387,2018-11-01 00:00:00
260.1550001502,113.6609998941,2018-11-02 00:00:00
299.4219997227,11.0289998055,2018-11-03 00:00:00
229.4329995215,2.3839999437,2018-11-04 00:00:00
94.2660006583,48.2010002732,2018-11-05 00:00:00
274.5630007088,95.6729998291,2018-11-06 00:00:00
159.2199999094,67.1870002151,2018-11-07 00:00:00
183.6750001907,96.8070003092,2018-11-08 00:00:00
305.8299992532,186.2119991928,2018-11-09 00:00:00
298.3500003368,190.9910002053,2018-11-10 00:00:00
192.8549997807,118.7239996791,2018-11-11 00:00:00
130.8039993346,7.3249999285,2018-11-12 00:00:00
236.0029994845,22.7709999979,2018-11-13 00:00:00
159.4230002463,17.9819999933,2018-11-14 00:00:00
169.7870000601,10.1429999769,2018-11-15 00:00:00
196.9820009172,7.8800001144,2018-11-16 00:00:00
335.2329997271,38.7659995854,2018-11-17 00:00:00
182.0752995163,23.7959999442,2018-11-18 00:00:00
87.5659999549,6.4570000172,2018-11-19 00:00:00
164.6399999261,9.9769999981,2018-11-20 00:00:00
143.9390006512,11.9420000017,2018-11-21 00:00:00
161.5249997228,14.5709997416,2018-11-22 00:00:00
211.9400003254,114.7339997888,2018-11-23 00:00:00
288.8743994683,157.8119998425,2018-11-24 00:00:00
185.400000304,77.9669998288,2018-11-25 00:00:00
77.3189998567,44.788000375,2018-11-26 00:00:00
182.1529988945,80.235999614,2018-11-27 00:00:00
183.8339996338,87.4539998472,2018-11-28 00:00:00
133.7000000477,62.2410001457,2018-11-29 00:00:00
203.7870005667,111.7689999938,2018-11-30 00:00:00
312.9469992071,142.8799996078,2018-12-01 00:00:00
239.1466996372,132.5049996674,2018-12-02 00:00:00
117.8109997213,13.8989998698,2018-12-03 00:00:00
177.2280001342,27.0260000825,2018-12-04 00:00:00
162.5259998739,9.2209999561,2018-12-05 00:00:00
173.6829997301,25.5300000906,2018-12-06 00:00:00
191.3069996238,18.6739997864,2018-12-07 00:00:00
298.0965997279,25.4209999442,2018-12-08 00:00:00
237.3220011145,24.1760001779,2018-12-09 00:00:00
116.5740001798,56.9279998243,2018-12-10 00:00:00
168.194999665,100.7559996247,2018-12-11 00:00:00
171.9799999595,107.0250000358,2018-12-12 00:00:00
176.5709995031,106.6659998894,2018-12-13 00:00:00
234.8579995036,144.9769994318,2018-12-14 00:00:00
237.4109993875,166.9029999077,2018-12-15 00:00:00
205.2790000737,125.4079996943,2018-12-16 00:00:00
85.8230002522,4.8160000741,2018-12-17 00:00:00
166.3840006292,16.5369999409,2018-12-18 00:00:00
207.8590004146,12.5250000954,2018-12-19 00:00:00
170.1699999571,8.7580000758,2018-12-20 00:00:00
172.4584000111,18.9794001281,2018-12-21 00:00:00
204.4899996221,13.5999999642,2018-12-22 00:00:00
152.4945003688,3.8580000401,2018-12-23 00:00:00
54.4670000076,3.2260000706,2018-12-24 00:00:00
166.3840006292,16.5369999409,2018-12-25 00:00:00
141.8929997683,4.7069999576,2018-12-26 00:00:00
224.0480000973,17.9640000463,2018-12-27 00:00:00
254.3990003467,10.4949999452,2018-12-28 00:00:00
215.9310006648,22.018999964,2018-12-29 00:00:00
155.4890002608,10.318000108,2018-12-30 00:00:00
109.1899999827,4.5699999332,2018-12-31 00:00:00
166.3840006292,16.5369999409,2019-01-01 00:00:00
188.3780005872,7.7150000334,2019-01-02 00:00:00
222.0179990828,12.9249998927,2019-01-03 00:00:00
293.9010006487,15.0599998534,2019-01-04 00:00:00
316.5190014839,19.9500001073,2019-01-05 00:00:00
232.8410004973,7.2000000477,2019-01-06 00:00:00
116.593999207,54.4649996758,2019-01-07 00:00:00
270.5050010085,126.7849996984,2019-01-08 00:00:00
271.8280000091,138.2989996374,2019-01-09 00:00:00
233.7229988575,128.3679991663,2019-01-10 00:00:00
242.8820000589,127.7949996293,2019-01-11 00:00:00
366.5110006034,225.5920005739,2019-01-12 00:00:00
194.9009998441,81.7840001583,2019-01-13 00:00:00
66.4830000997,21.7520002127,2019-01-14 00:00:00
163.1400005072,72.5820004642,2019-01-15 00:00:00
164.0810000598,74.1149998605,2019-01-16 00:00:00
171.5429998636,55.2499997616,2019-01-17 00:00:00
257.5560003519,142.1550002992,2019-01-18 00:00:00
274.3500000834,138.1299996376,2019-01-19 00:00:00
254.7163001597,144.1383001357,2019-01-20 00:00:00
91.6499998271,12.7770001292,2019-01-21 00:00:00
182.6169996262,18.8489999473,2019-01-22 00:00:00
202.9769994318,24.5789999366,2019-01-23 00:00:00
175.8819999099,20.3919999897,2019-01-24 00:00:00
249.5640004426,40.5310000479,2019-01-25 00:00:00
397.9300001264,42.4649998844,2019-01-26 00:00:00
212.3779996932,20.5189997852,2019-01-27 00:00:00
100.0250003636,15.1559998393,2019-01-28 00:00:00
188.6370004714,21.1119999588,2019-01-29 00:00:00
161.3875992596,17.5715999007,2019-01-30 00:00:00
187.0810000002,23.2859998345,2019-01-31 00:00:00
216.6510001123,24.8160002232,2019-02-01 00:00:00
366.7354993522,35.0300000608,2019-02-02 00:00:00
258.9699995816,28.3010000288,2019-02-03 00:00:00
158.8689998388,78.9429997206,2019-02-04 00:00:00
244.8674996197,85.4259996116,2019-02-05 00:00:00
161.8853996098,81.3480000496,2019-02-06 00:00:00
193.2050002217,116.7390004098,2019-02-07 00:00:00
255.1699999273,144.6089996398,2019-02-08 00:00:00
314.269700557,201.3020005822,2019-02-09 00:00:00
219.0029997528,113.061999768,2019-02-10 00:00:00
92.7819999754,39.1449999213,2019-02-11 00:00:00
170.969999209,56.9689996243,2019-02-12 00:00:00
148.5569998622,65.9639998972,2019-02-13 00:00:00
134.5200001001,48.7419999838,2019-02-14 00:00:00
281.0379002988,121.4929000288,2019-02-15 00:00:00
296.5068000257,142.0649998784,2019-02-16 00:00:00
278.1390006244,148.9260002077,2019-02-17 00:00:00
106.1900001317,26.724999994,2019-02-18 00:00:00
166.1630004346,15.1620001793,2019-02-19 00:00:00
138.796000734,10.2080000639,2019-02-20 00:00:00
157.8078998029,18.1529997587,2019-02-21 00:00:00
278.3349997997,36.4130000174,2019-02-22 00:00:00
432.3579989076,61.0239993632,2019-02-23 00:00:00
296.9429999739,28.1979998499,2019-02-24 00:00:00
109.2170007527,6.5700000226,2019-02-25 00:00:00
169.3639999181,27.6480000764,2019-02-26 00:00:00
138.5130002797,17.9260000288,2019-02-27 00:00:00
139.3570001274,12.3839998841,2019-02-28 00:00:00
